date,equity,exposure,qqq_close,spy_close,window
2022-01-31T00:00:00+00:00,1.000000,0.00,353.1772,423.3289,bear_2022
2022-02-01T00:00:00+00:00,1.000000,0.00,355.5801,426.1893,bear_2022
2022-02-02T00:00:00+00:00,1.000000,0.00,358.4693,430.3294,bear_2022
2022-02-03T00:00:00+00:00,1.000000,0.00,343.9356,420.2145,bear_2022
2022-02-04T00:00:00+00:00,1.000000,0.00,348.2744,422.1903,bear_2022
2022-02-07T00:00:00+00:00,1.000000,0.00,345.4727,420.8355,bear_2022
2022-02-08T00:00:00+00:00,1.000000,0.00,349.3542,424.2980,bear_2022
2022-02-09T00:00:00+00:00,1.000000,0.00,356.7572,430.5081,bear_2022
2022-02-10T00:00:00+00:00,1.000000,0.00,348.6829,422.7738,bear_2022
2022-02-11T00:00:00+00:00,1.000000,0.00,337.6221,414.4372,bear_2022
2022-02-14T00:00:00+00:00,1.000000,0.00,338.0404,413.0823,bear_2022
2022-02-15T00:00:00+00:00,1.000000,0.00,346.4455,419.7440,bear_2022
2022-02-16T00:00:00+00:00,1.000000,0.00,346.3579,420.2145,bear_2022
2022-02-17T00:00:00+00:00,1.000000,0.00,336.0560,411.2381,bear_2022
2022-02-18T00:00:00+00:00,1.000000,0.00,332.2231,408.5753,bear_2022
2022-02-22T00:00:00+00:00,1.000000,0.00,328.8863,404.1906,bear_2022
2022-02-23T00:00:00+00:00,1.000000,0.00,320.4619,397.0208,bear_2022
2022-02-24T00:00:00+00:00,1.000000,0.00,331.2308,402.9957,bear_2022
2022-02-25T00:00:00+00:00,1.000000,0.00,336.3672,411.8874,bear_2022
2022-02-28T00:00:00+00:00,1.000000,0.00,337.3692,410.8335,bear_2022
2022-03-01T00:00:00+00:00,1.000000,0.00,332.2036,404.5764,bear_2022
2022-03-02T00:00:00+00:00,1.000000,0.00,337.7777,412.0191,bear_2022
2022-03-03T00:00:00+00:00,1.000000,0.00,332.9526,409.9679,bear_2022
2022-03-04T00:00:00+00:00,1.000000,0.00,328.1275,406.6371,bear_2022
2022-03-07T00:00:00+00:00,1.000000,0.00,316.0258,394.6497,bear_2022
2022-03-08T00:00:00+00:00,1.000000,0.00,314.5569,391.6575,bear_2022
2022-03-09T00:00:00+00:00,1.000000,0.00,325.8804,402.1582,bear_2022
2022-03-10T00:00:00+00:00,1.000000,0.00,322.2615,400.3423,bear_2022
2022-03-11T00:00:00+00:00,1.000000,0.00,315.5783,395.2519,bear_2022
2022-03-14T00:00:00+00:00,1.000000,0.00,309.5176,392.3633,bear_2022
2022-03-15T00:00:00+00:00,1.000000,0.00,319.2263,400.9915,bear_2022
2022-03-16T00:00:00+00:00,1.000000,0.00,331.0655,409.8832,bear_2022
2022-03-17T00:00:00+00:00,1.000000,0.00,335.0734,415.0111,bear_2022
2022-03-18T00:00:00+00:00,1.000000,0.00,341.9316,419.5567,bear_2022
2022-03-21T00:00:00+00:00,1.000000,0.00,340.9810,419.4340,bear_2022
2022-03-22T00:00:00+00:00,1.000000,0.00,347.6823,424.3420,bear_2022
2022-03-23T00:00:00+00:00,1.000000,0.00,342.6855,418.8771,bear_2022
2022-03-24T00:00:00+00:00,1.000000,0.00,350.3023,425.1914,bear_2022
2022-03-25T00:00:00+00:00,1.000000,0.00,350.0102,427.2679,bear_2022
2022-03-28T00:00:00+00:00,1.000000,0.00,355.4256,430.3071,bear_2022
2022-03-29T00:00:00+00:00,1.000000,0.00,361.5423,435.6303,bear_2022
2022-03-30T00:00:00+00:00,1.000000,0.00,357.5489,432.9404,bear_2022
2022-03-31T00:00:00+00:00,1.000000,0.00,353.1172,426.2769,bear_2022
2022-04-01T00:00:00+00:00,1.000000,0.00,352.4451,427.4850,bear_2022
2022-04-04T00:00:00+00:00,1.000000,0.00,359.7014,431.1471,bear_2022
2022-04-05T00:00:00+00:00,1.000000,0.00,351.7147,425.7011,bear_2022
2022-04-06T00:00:00+00:00,1.000000,0.00,344.0783,421.4444,bear_2022
2022-04-07T00:00:00+00:00,1.000000,0.00,344.8965,423.5680,bear_2022
2022-04-08T00:00:00+00:00,1.000000,0.00,340.0752,422.4355,bear_2022
2022-04-11T00:00:00+00:00,1.000000,0.00,332.0299,415.2151,bear_2022
2022-04-12T00:00:00+00:00,1.000000,0.00,330.6273,413.6766,bear_2022
2022-04-13T00:00:00+00:00,1.000000,0.00,337.3480,418.4146,bear_2022
2022-04-14T00:00:00+00:00,1.000000,0.00,329.6338,413.2047,bear_2022
2022-04-18T00:00:00+00:00,1.000000,0.00,329.8871,413.3745,bear_2022
2022-04-19T00:00:00+00:00,1.000000,0.00,337.2603,420.0475,bear_2022
2022-04-20T00:00:00+00:00,1.000000,0.00,332.3416,419.7361,bear_2022
2022-04-21T00:00:00+00:00,1.000000,0.00,325.4651,413.4596,bear_2022
2022-04-22T00:00:00+00:00,1.000000,0.00,316.9425,402.1145,bear_2022
2022-04-25T00:00:00+00:00,1.000000,0.00,321.0138,404.4458,bear_2022
2022-04-26T00:00:00+00:00,1.000000,0.00,308.8972,392.7328,bear_2022
2022-04-27T00:00:00+00:00,1.000000,0.00,308.5270,393.8369,bear_2022
2022-04-28T00:00:00+00:00,1.000000,0.00,319.4846,403.7851,bear_2022
2022-04-29T00:00:00+00:00,1.000000,0.00,305.1083,388.8630,bear_2022
2022-05-02T00:00:00+00:00,1.000000,0.00,310.2024,391.2038,bear_2022
2022-05-03T00:00:00+00:00,1.000000,0.00,310.5335,392.9970,bear_2022
2022-05-04T00:00:00+00:00,1.000000,0.00,321.0333,404.9649,bear_2022
2022-05-05T00:00:00+00:00,1.000000,0.00,304.8647,390.5714,bear_2022
2022-05-06T00:00:00+00:00,1.000000,0.00,301.2122,388.2401,bear_2022
2022-05-09T00:00:00+00:00,1.000000,0.00,289.4268,375.8097,bear_2022
2022-05-10T00:00:00+00:00,1.000000,0.00,292.9429,376.6780,bear_2022
2022-05-11T00:00:00+00:00,1.000000,0.00,284.2548,370.6941,bear_2022
2022-05-12T00:00:00+00:00,1.000000,0.00,283.5827,370.3070,bear_2022
2022-05-13T00:00:00+00:00,1.000000,0.00,294.0923,379.1603,bear_2022
2022-05-16T00:00:00+00:00,1.000000,0.00,290.6832,377.6218,bear_2022
2022-05-17T00:00:00+00:00,1.000000,0.00,298.2123,385.3896,bear_2022
2022-05-18T00:00:00+00:00,1.000000,0.00,283.5729,369.8540,bear_2022
2022-05-19T00:00:00+00:00,1.000000,0.00,282.0535,367.5887,bear_2022
2022-05-20T00:00:00+00:00,1.000000,0.00,281.1768,367.7493,bear_2022
2022-05-23T00:00:00+00:00,1.000000,0.00,285.8521,374.6299,bear_2022
2022-05-24T00:00:00+00:00,1.000000,0.00,279.7743,371.7700,bear_2022
2022-05-25T00:00:00+00:00,1.000000,0.00,283.6898,375.0545,bear_2022
2022-05-26T00:00:00+00:00,1.000000,0.00,291.5501,382.5487,bear_2022
2022-05-27T00:00:00+00:00,1.000000,0.00,301.0661,391.9400,bear_2022
2022-05-31T00:00:00+00:00,1.000000,0.00,300.2675,389.7407,bear_2022
2022-06-01T00:00:00+00:00,1.000000,0.00,298.0467,386.5883,bear_2022
2022-06-02T00:00:00+00:00,1.000000,0.00,306.2089,393.9503,bear_2022
2022-06-03T00:00:00+00:00,1.000000,0.00,298.2415,387.4850,bear_2022
2022-06-06T00:00:00+00:00,1.000000,0.00,299.2350,388.6648,bear_2022
2022-06-07T00:00:00+00:00,1.000000,0.00,301.8161,392.3929,bear_2022
2022-06-08T00:00:00+00:00,1.000000,0.00,299.6442,388.1268,bear_2022
2022-06-09T00:00:00+00:00,1.000000,0.00,291.6182,378.8960,bear_2022
2022-06-10T00:00:00+00:00,1.000000,0.00,281.3327,367.9097,bear_2022
2022-06-13T00:00:00+00:00,1.000000,0.00,268.2517,353.9409,bear_2022
2022-06-14T00:00:00+00:00,1.000000,0.00,268.7388,352.8743,bear_2022
2022-06-15T00:00:00+00:00,1.000000,0.00,275.4497,357.9050,bear_2022
2022-06-16T00:00:00+00:00,1.000000,0.00,264.3363,346.0597,bear_2022
2022-06-17T00:00:00+00:00,1.000000,0.00,267.5504,346.8057,bear_2022
2022-06-21T00:00:00+00:00,1.000000,0.00,274.3007,355.5360,bear_2022
2022-06-22T00:00:00+00:00,1.000000,0.00,273.9005,354.8915,bear_2022
2022-06-23T00:00:00+00:00,1.000000,0.00,277.9797,358.3704,bear_2022
2022-06-24T00:00:00+00:00,1.000000,0.00,287.5043,369.7643,bear_2022
2022-06-27T00:00:00+00:00,1.000000,0.00,285.3965,368.3520,bear_2022
2022-06-28T00:00:00+00:00,1.000000,0.00,276.7013,360.8254,bear_2022
2022-06-29T00:00:00+00:00,1.000000,0.00,276.9550,360.5316,bear_2022
2022-06-30T00:00:00+00:00,1.000000,0.00,273.5199,357.6026,bear_2022
2022-07-01T00:00:00+00:00,0.999750,0.25,275.3253,361.3847,bear_2022
2022-07-05T00:00:00+00:00,1.004029,0.25,280.0388,362.0673,bear_2022
2022-07-06T00:00:00+00:00,1.005638,0.25,281.8345,363.2901,bear_2022
2022-07-07T00:00:00+00:00,1.011018,0.25,287.8654,368.7311,bear_2022
2022-07-08T00:00:00+00:00,1.011335,0.25,288.2265,368.4278,bear_2022
2022-07-11T00:00:00+00:00,1.005934,0.25,282.0687,364.2191,bear_2022
2022-07-12T00:00:00+00:00,1.003497,0.25,279.3362,360.9961,bear_2022
2022-07-13T00:00:00+00:00,1.002980,0.25,278.7604,359.1002,bear_2022
2022-07-14T00:00:00+00:00,1.003876,0.25,279.7559,358.2282,bear_2022
2022-07-15T00:00:00+00:00,1.008428,0.25,284.8304,365.0721,bear_2022
2022-07-18T00:00:00+00:00,1.006295,0.25,282.4200,362.0578,bear_2022
2022-07-19T00:00:00+00:00,1.014031,0.25,291.1053,371.8403,bear_2022
2022-07-20T00:00:00+00:00,1.018051,0.25,295.7213,374.2100,bear_2022
2022-07-21T00:00:00+00:00,1.021705,0.25,299.9663,378.0208,bear_2022
2022-07-22T00:00:00+00:00,1.017226,0.25,294.7063,374.5135,bear_2022
2022-07-25T00:00:00+00:00,1.015777,0.25,293.0278,374.9685,bear_2022
2022-07-26T00:00:00+00:00,1.010787,0.25,287.2701,370.5322,bear_2022
2022-07-27T00:00:00+00:00,1.021466,0.25,299.4101,380.1536,bear_2022
2022-07-28T00:00:00+00:00,1.023963,0.25,302.3377,384.9216,bear_2022
2022-07-29T00:00:00+00:00,1.028632,0.25,307.8514,390.5333,bear_2022
2022-08-01T00:00:00+00:00,1.028632,0.25,307.6660,389.3768,bear_2022
2022-08-02T00:00:00+00:00,1.027865,0.25,306.7487,386.8079,bear_2022
2022-08-03T00:00:00+00:00,1.034863,0.25,315.1023,392.8651,bear_2022
2022-08-04T00:00:00+00:00,1.036073,0.25,316.5759,392.5998,bear_2022
2022-08-05T00:00:00+00:00,1.033957,0.25,313.9897,391.9362,bear_2022
2022-08-08T00:00:00+00:00,1.033121,0.25,312.9749,391.4812,bear_2022
2022-08-09T00:00:00+00:00,1.030198,0.25,309.4324,389.9267,bear_2022
2022-08-10T00:00:00+00:00,1.037387,0.25,318.0690,398.1166,bear_2022
2022-08-11T00:00:00+00:00,1.035914,0.25,316.2635,398.1166,bear_2022
2022-08-12T00:00:00+00:00,1.040957,0.25,322.4214,404.8563,bear_2022
2022-08-15T00:00:00+00:00,1.043060,0.25,325.0269,406.5247,bear_2022
2022-08-16T00:00:00+00:00,1.042449,0.25,324.2658,407.3209,bear_2022
2022-08-17T00:00:00+00:00,1.039477,0.25,320.5672,404.4297,bear_2022
2022-08-18T00:00:00+00:00,1.040102,0.25,321.3382,405.6052,bear_2022
2022-08-19T00:00:00+00:00,1.035032,0.25,315.0730,400.1547,bear_2022
2022-08-22T00:00:00+00:00,1.028220,0.25,306.7780,391.8224,bear_2022
2022-08-23T00:00:00+00:00,1.028007,0.25,306.5242,390.8745,bear_2022
2022-08-24T00:00:00+00:00,1.028752,0.25,307.4124,392.1258,bear_2022
2022-08-25T00:00:00+00:00,1.033299,0.25,312.8479,397.6616,bear_2022
2022-08-26T00:00:00+00:00,1.022711,0.25,300.0249,384.2011,bear_2022
2022-08-29T00:00:00+00:00,1.020191,0.25,297.0679,381.6607,bear_2022
2022-08-30T00:00:00+00:00,1.017351,0.25,293.7597,377.4709,bear_2022
2022-08-31T00:00:00+00:00,1.015872,0.25,292.0519,374.5988,bear_2022
2022-09-01T00:00:00+00:00,1.015618,0.00,292.1789,375.7742,bear_2022
2022-09-02T00:00:00+00:00,1.015618,0.00,288.0508,371.8119,bear_2022
2022-09-06T00:00:00+00:00,1.015618,0.00,285.9819,370.4089,bear_2022
2022-09-07T00:00:00+00:00,1.015618,0.00,291.7592,377.0634,bear_2022
2022-09-08T00:00:00+00:00,1.015618,0.00,293.2718,379.5279,bear_2022
2022-09-09T00:00:00+00:00,1.015618,0.00,299.6833,385.4240,bear_2022
2022-09-12T00:00:00+00:00,1.015618,0.00,303.2454,389.5664,bear_2022
2022-09-13T00:00:00+00:00,1.015618,0.00,286.6163,372.6271,bear_2022
2022-09-14T00:00:00+00:00,1.015618,0.00,288.8900,374.0490,bear_2022
2022-09-15T00:00:00+00:00,1.015618,0.00,284.0790,369.8023,bear_2022
2022-09-16T00:00:00+00:00,1.015618,0.00,282.3420,366.9811,bear_2022
2022-09-19T00:00:00+00:00,1.015618,0.00,284.5406,369.8269,bear_2022
2022-09-20T00:00:00+00:00,1.015618,0.00,282.2725,365.5819,bear_2022
2022-09-21T00:00:00+00:00,1.015618,0.00,277.2180,359.2047,bear_2022
2022-09-22T00:00:00+00:00,1.015618,0.00,273.8062,356.1875,bear_2022
2022-09-23T00:00:00+00:00,1.015618,0.00,269.3482,350.2196,bear_2022
2022-09-26T00:00:00+00:00,1.015618,0.00,268.2336,346.7551,bear_2022
2022-09-27T00:00:00+00:00,1.015618,0.00,268.3413,345.8699,bear_2022
2022-09-28T00:00:00+00:00,1.015618,0.00,273.6791,352.6754,bear_2022
2022-09-29T00:00:00+00:00,1.015618,0.00,265.7896,345.3083,bear_2022
2022-09-30T00:00:00+00:00,1.015618,0.00,261.2827,339.9686,bear_2022
2022-10-03T00:00:00+00:00,1.015618,0.00,267.4124,348.9442,bear_2022
2022-10-04T00:00:00+00:00,1.015618,0.00,275.8202,359.7569,bear_2022
2022-10-05T00:00:00+00:00,1.015618,0.00,275.6735,358.9193,bear_2022
2022-10-06T00:00:00+00:00,1.015618,0.00,273.5032,355.2167,bear_2022
2022-10-07T00:00:00+00:00,1.015618,0.00,263.0815,345.3083,bear_2022
2022-10-10T00:00:00+00:00,1.015618,0.00,260.4517,342.6718,bear_2022
2022-10-11T00:00:00+00:00,1.015618,0.00,256.8736,340.5016,bear_2022
2022-10-12T00:00:00+00:00,1.015618,0.00,256.7856,339.3785,bear_2022
2022-10-13T00:00:00+00:00,1.015618,0.00,262.8078,348.3351,bear_2022
2022-10-14T00:00:00+00:00,1.015618,0.00,254.9085,340.3969,bear_2022
2022-10-17T00:00:00+00:00,1.015618,0.00,263.3259,349.1441,bear_2022
2022-10-18T00:00:00+00:00,1.015618,0.00,265.4084,353.2464,bear_2022
2022-10-19T00:00:00+00:00,1.015618,0.00,264.4405,350.7432,bear_2022
2022-10-20T00:00:00+00:00,1.015618,0.00,263.0913,347.8021,bear_2022
2022-10-21T00:00:00+00:00,1.015618,0.00,269.2603,356.2542,bear_2022
2022-10-24T00:00:00+00:00,1.015618,0.00,272.2224,360.6134,bear_2022
2022-10-25T00:00:00+00:00,1.015618,0.00,277.8536,366.3719,bear_2022
2022-10-26T00:00:00+00:00,1.015618,0.00,271.7141,363.6117,bear_2022
2022-10-27T00:00:00+00:00,1.015618,0.00,266.7672,361.6700,bear_2022
2022-10-28T00:00:00+00:00,1.015618,0.00,274.9305,370.2744,bear_2022
2022-10-31T00:00:00+00:00,1.015618,0.00,271.7336,367.5997,bear_2022
2022-11-01T00:00:00+00:00,1.014603,1.00,268.9571,365.9912,bear_2022
2022-11-02T00:00:00+00:00,0.979825,1.00,259.7381,356.8062,bear_2022
2022-11-03T00:00:00+00:00,0.960684,1.00,254.6641,353.1322,bear_2022
2022-11-04T00:00:00+00:00,0.976137,1.00,258.7604,358.2149,bear_2022
2022-11-07T00:00:00+00:00,0.986869,1.00,261.6053,361.6414,bear_2022
2022-11-08T00:00:00+00:00,0.994061,1.00,263.5117,363.5927,bear_2022
2022-11-09T00:00:00+00:00,0.971121,1.00,257.4308,356.1019,bear_2022
2022-11-10T00:00:00+00:00,1.042779,1.00,276.4262,375.6711,bear_2022
2022-11-11T00:00:00+00:00,1.061993,1.00,281.5197,379.3070,bear_2022
2022-11-14T00:00:00+00:00,1.052700,1.00,279.0561,376.0804,bear_2022
2022-11-15T00:00:00+00:00,1.067267,1.00,282.9178,379.2881,bear_2022
2022-11-16T00:00:00+00:00,1.052700,1.00,279.0561,376.3946,bear_2022
2022-11-17T00:00:00+00:00,1.050376,1.00,278.4402,375.2428,bear_2022
2022-11-18T00:00:00+00:00,1.050413,1.00,278.4500,376.9465,bear_2022
2022-11-21T00:00:00+00:00,1.039607,1.00,275.5855,375.5760,bear_2022
2022-11-22T00:00:00+00:00,1.054581,1.00,279.5547,380.6300,bear_2022
2022-11-23T00:00:00+00:00,1.065165,1.00,282.3606,383.0287,bear_2022
2022-11-25T00:00:00+00:00,1.058158,1.00,280.5030,382.9430,bear_2022
2022-11-28T00:00:00+00:00,1.042632,1.00,276.3872,376.8324,bear_2022
2022-11-29T00:00:00+00:00,1.034739,1.00,274.2950,376.1851,bear_2022
2022-11-30T00:00:00+00:00,1.081909,1.00,286.7990,388.0352,bear_2022
2022-12-01T00:00:00+00:00,1.081909,1.00,287.1509,387.7497,bear_2022
2022-12-02T00:00:00+00:00,1.077599,1.00,286.0070,387.3023,bear_2022
2022-12-05T00:00:00+00:00,1.059513,1.00,281.2069,380.3351,bear_2022
2022-12-06T00:00:00+00:00,1.037559,1.00,275.3802,374.8525,bear_2022
2022-12-07T00:00:00+00:00,1.033323,1.00,274.2559,374.2149,bear_2022
2022-12-08T00:00:00+00:00,1.045553,1.00,277.5016,377.1465,bear_2022
2022-12-09T00:00:00+00:00,1.038885,1.00,275.7321,374.3291,bear_2022
2022-12-12T00:00:00+00:00,1.051925,1.00,279.1930,379.7259,bear_2022
2022-12-13T00:00:00+00:00,1.063233,1.00,282.1943,382.6003,bear_2022
2022-12-14T00:00:00+00:00,1.055350,1.00,280.1021,380.1542,bear_2022
2022-12-15T00:00:00+00:00,1.019916,1.00,270.6974,370.8550,bear_2022
2022-12-16T00:00:00+00:00,1.010191,1.00,268.1164,366.4767,bear_2022
2022-12-19T00:00:00+00:00,0.995994,1.00,264.3484,363.3690,bear_2022
2022-12-20T00:00:00+00:00,0.995219,1.00,264.1426,363.8663,bear_2022
2022-12-21T00:00:00+00:00,1.009656,1.00,267.9743,369.3069,bear_2022
2022-12-22T00:00:00+00:00,0.984955,1.00,261.4182,364.0383,bear_2022
2022-12-23T00:00:00+00:00,0.987170,1.00,262.0062,366.1324,bear_2022
2022-12-27T00:00:00+00:00,0.973213,1.00,258.3019,364.6886,bear_2022
2022-12-28T00:00:00+00:00,0.960364,1.00,254.8916,360.1562,bear_2022
2022-12-29T00:00:00+00:00,0.983773,1.00,261.1046,366.6392,bear_2022
2022-12-30T00:00:00+00:00,0.983182,1.00,260.9479,365.6734,bear_2022
2023-01-31T00:00:00+00:00,1.000000,0.00,288.7204,388.6696,oos_2023_2024
2023-02-01T00:00:00+00:00,1.000000,0.00,294.8942,392.8004,oos_2023_2024
2023-02-02T00:00:00+00:00,1.000000,0.00,305.4780,398.5183,oos_2023_2024
2023-02-03T00:00:00+00:00,1.000000,0.00,300.0489,394.2824,oos_2023_2024
2023-02-06T00:00:00+00:00,1.000000,0.00,297.5108,391.8729,oos_2023_2024
2023-02-07T00:00:00+00:00,1.000000,0.00,303.6748,396.9980,oos_2023_2024
2023-02-08T00:00:00+00:00,1.000000,0.00,298.2751,392.6570,oos_2023_2024
2023-02-09T00:00:00+00:00,1.000000,0.00,295.6390,389.2529,oos_2023_2024
2023-02-10T00:00:00+00:00,1.000000,0.00,293.6986,390.1613,oos_2023_2024
2023-02-13T00:00:00+00:00,1.000000,0.00,298.4026,394.7415,oos_2023_2024
2023-02-14T00:00:00+00:00,1.000000,0.00,300.6075,394.5598,oos_2023_2024
2023-02-15T00:00:00+00:00,1.000000,0.00,302.9104,395.8410,oos_2023_2024
2023-02-16T00:00:00+00:00,1.000000,0.00,297.2266,390.3907,oos_2023_2024
2023-02-17T00:00:00+00:00,1.000000,0.00,295.1294,389.4155,oos_2023_2024
2023-02-21T00:00:00+00:00,1.000000,0.00,288.1422,381.6034,oos_2023_2024
2023-02-22T00:00:00+00:00,1.000000,0.00,288.3578,381.0776,oos_2023_2024
2023-02-23T00:00:00+00:00,1.000000,0.00,290.8763,383.1046,oos_2023_2024
2023-02-24T00:00:00+00:00,1.000000,0.00,286.0059,379.0122,oos_2023_2024
2023-02-27T00:00:00+00:00,1.000000,0.00,288.0540,380.3031,oos_2023_2024
2023-02-28T00:00:00+00:00,1.000000,0.00,287.6816,378.8975,oos_2023_2024
2023-03-01T00:00:00+00:00,1.000000,0.00,285.3688,377.4440,oos_2023_2024
2023-03-02T00:00:00+00:00,1.000000,0.00,287.7306,380.3795,oos_2023_2024
2023-03-03T00:00:00+00:00,1.000000,0.00,293.6790,386.4800,oos_2023_2024
2023-03-06T00:00:00+00:00,1.000000,0.00,294.0122,386.7478,oos_2023_2024
2023-03-07T00:00:00+00:00,1.000000,0.00,290.4059,380.8194,oos_2023_2024
2023-03-08T00:00:00+00:00,1.000000,0.00,291.8563,381.4409,oos_2023_2024
2023-03-09T00:00:00+00:00,1.000000,0.00,286.7996,374.4034,oos_2023_2024
2023-03-10T00:00:00+00:00,1.000000,0.00,282.7719,369.0010,oos_2023_2024
2023-03-13T00:00:00+00:00,1.000000,0.00,284.8690,368.4750,oos_2023_2024
2023-03-14T00:00:00+00:00,1.000000,0.00,291.4153,374.5659,oos_2023_2024
2023-03-15T00:00:00+00:00,1.000000,0.00,292.9441,372.2232,oos_2023_2024
2023-03-16T00:00:00+00:00,1.000000,0.00,300.6663,378.7540,oos_2023_2024
2023-03-17T00:00:00+00:00,1.000000,0.00,299.2452,374.3253,oos_2023_2024
2023-03-20T00:00:00+00:00,1.000000,0.00,300.3073,377.9247,oos_2023_2024
2023-03-21T00:00:00+00:00,1.000000,0.00,304.5964,382.8871,oos_2023_2024
2023-03-22T00:00:00+00:00,1.000000,0.00,300.4544,376.3602,oos_2023_2024
2023-03-23T00:00:00+00:00,1.000000,0.00,304.0174,377.3776,oos_2023_2024
2023-03-24T00:00:00+00:00,1.000000,0.00,305.1363,379.8539,oos_2023_2024
2023-03-27T00:00:00+00:00,1.000000,0.00,303.0457,380.5642,oos_2023_2024
2023-03-28T00:00:00+00:00,1.000000,0.00,301.4359,379.7100,oos_2023_2024
2023-03-29T00:00:00+00:00,1.000000,0.00,306.9324,385.2291,oos_2023_2024
2023-03-30T00:00:00+00:00,1.000000,0.00,309.8376,387.4847,oos_2023_2024
2023-03-31T00:00:00+00:00,1.000000,0.00,314.9904,392.9461,oos_2023_2024
2023-04-03T00:00:00+00:00,1.000000,0.00,314.2248,394.4435,oos_2023_2024
2023-04-04T00:00:00+00:00,1.000000,0.00,313.1649,392.2550,oos_2023_2024
2023-04-05T00:00:00+00:00,1.000000,0.00,310.0732,391.2281,oos_2023_2024
2023-04-06T00:00:00+00:00,1.000000,0.00,312.1637,392.7541,oos_2023_2024
2023-04-10T00:00:00+00:00,1.000000,0.00,311.9871,393.1573,oos_2023_2024
2023-04-11T00:00:00+00:00,1.000000,0.00,309.9848,393.2629,oos_2023_2024
2023-04-12T00:00:00+00:00,1.000000,0.00,307.2464,391.6599,oos_2023_2024
2023-04-13T00:00:00+00:00,1.000000,0.00,313.2630,396.8622,oos_2023_2024
2023-04-14T00:00:00+00:00,1.000000,0.00,312.6740,395.8928,oos_2023_2024
2023-04-17T00:00:00+00:00,1.000000,0.00,312.9391,397.3133,oos_2023_2024
2023-04-18T00:00:00+00:00,1.000000,0.00,312.9587,397.5725,oos_2023_2024
2023-04-19T00:00:00+00:00,1.000000,0.00,312.8115,397.5054,oos_2023_2024
2023-04-20T00:00:00+00:00,1.000000,0.00,310.4265,395.3361,oos_2023_2024
2023-04-21T00:00:00+00:00,1.000000,0.00,310.7503,395.6433,oos_2023_2024
2023-04-24T00:00:00+00:00,1.000000,0.00,310.1025,396.0560,oos_2023_2024
2023-04-25T00:00:00+00:00,1.000000,0.00,304.2529,389.7690,oos_2023_2024
2023-04-26T00:00:00+00:00,1.000000,0.00,306.0981,388.1182,oos_2023_2024
2023-04-27T00:00:00+00:00,1.000000,0.00,314.4211,395.8448,oos_2023_2024
2023-04-28T00:00:00+00:00,1.000000,0.00,316.5903,399.2234,oos_2023_2024
2023-05-01T00:00:00+00:00,1.000000,0.00,316.2271,398.8203,oos_2023_2024
2023-05-02T00:00:00+00:00,1.000000,0.00,313.4691,394.3379,oos_2023_2024
2023-05-03T00:00:00+00:00,1.000000,0.00,311.4178,391.6312,oos_2023_2024
2023-05-04T00:00:00+00:00,1.000000,0.00,310.3186,388.8571,oos_2023_2024
2023-05-05T00:00:00+00:00,1.000000,0.00,316.9142,396.0560,oos_2023_2024
2023-05-08T00:00:00+00:00,1.000000,0.00,317.6993,396.1616,oos_2023_2024
2023-05-09T00:00:00+00:00,1.000000,0.00,315.6873,394.4243,oos_2023_2024
2023-05-10T00:00:00+00:00,1.000000,0.00,319.1225,396.2671,oos_2023_2024
2023-05-11T00:00:00+00:00,1.000000,0.00,320.1629,395.5761,oos_2023_2024
2023-05-12T00:00:00+00:00,1.000000,0.00,319.0145,395.0578,oos_2023_2024
2023-05-15T00:00:00+00:00,1.000000,0.00,320.7419,396.4207,oos_2023_2024
2023-05-16T00:00:00+00:00,1.000000,0.00,321.1051,393.7716,oos_2023_2024
2023-05-17T00:00:00+00:00,1.000000,0.00,324.9918,398.5516,oos_2023_2024
2023-05-18T00:00:00+00:00,1.000000,0.00,331.0280,402.3909,oos_2023_2024
2023-05-19T00:00:00+00:00,1.000000,0.00,330.2821,401.8054,oos_2023_2024
2023-05-22T00:00:00+00:00,1.000000,0.00,331.3912,401.9686,oos_2023_2024
2023-05-23T00:00:00+00:00,1.000000,0.00,327.1903,397.4573,oos_2023_2024
2023-05-24T00:00:00+00:00,1.000000,0.00,325.5120,394.5778,oos_2023_2024
2023-05-25T00:00:00+00:00,1.000000,0.00,333.4326,397.9948,oos_2023_2024
2023-05-26T00:00:00+00:00,1.000000,0.00,341.9520,403.1491,oos_2023_2024
2023-05-30T00:00:00+00:00,1.000000,0.00,343.5028,403.3027,oos_2023_2024
2023-05-31T00:00:00+00:00,1.000000,0.00,341.5496,401.0663,oos_2023_2024
2023-06-01T00:00:00+00:00,0.999000,1.00,345.4952,404.8768,oos_2023_2024
2023-06-02T00:00:00+00:00,1.006492,1.00,348.0863,410.7319,oos_2023_2024
2023-06-05T00:00:00+00:00,1.007202,1.00,348.3317,409.9448,oos_2023_2024
2023-06-06T00:00:00+00:00,1.007031,1.00,348.2728,410.8374,oos_2023_2024
2023-06-07T00:00:00+00:00,0.989947,1.00,342.3642,409.4168,oos_2023_2024
2023-06-08T00:00:00+00:00,1.002235,1.00,346.6141,411.8932,oos_2023_2024
2023-06-09T00:00:00+00:00,1.006066,1.00,347.9391,412.6323,oos_2023_2024
2023-06-12T00:00:00+00:00,1.023066,1.00,353.8182,416.3756,oos_2023_2024
2023-06-13T00:00:00+00:00,1.030927,1.00,356.5370,419.1208,oos_2023_2024
2023-06-14T00:00:00+00:00,1.038420,1.00,359.1282,419.6199,oos_2023_2024
2023-06-15T00:00:00+00:00,1.050793,1.00,363.4074,424.8221,oos_2023_2024
2023-06-16T00:00:00+00:00,1.044181,1.00,361.1206,423.3752,oos_2023_2024
2023-06-20T00:00:00+00:00,1.042686,1.00,360.6036,421.1786,oos_2023_2024
2023-06-21T00:00:00+00:00,1.028477,1.00,355.6894,419.0206,oos_2023_2024
2023-06-22T00:00:00+00:00,1.040611,1.00,359.8861,420.5331,oos_2023_2024
2023-06-23T00:00:00+00:00,1.030295,1.00,356.3184,417.3539,oos_2023_2024
2023-06-26T00:00:00+00:00,1.016484,1.00,351.5418,415.6487,oos_2023_2024
2023-06-27T00:00:00+00:00,1.033961,1.00,357.5863,420.2055,oos_2023_2024
2023-06-28T00:00:00+00:00,1.035979,1.00,358.2841,420.4175,oos_2023_2024
2023-06-29T00:00:00+00:00,1.033905,1.00,357.5667,422.0746,oos_2023_2024
2023-06-30T00:00:00+00:00,1.049847,1.00,363.0803,427.0553,oos_2023_2024
2023-07-03T00:00:00+00:00,1.049585,0.75,363.9355,427.5467,oos_2023_2024
2023-07-05T00:00:00+00:00,1.049564,0.75,363.9256,426.9108,oos_2023_2024
2023-07-06T00:00:00+00:00,1.043569,0.75,361.1540,423.5678,oos_2023_2024
2023-07-07T00:00:00+00:00,1.040970,0.75,359.9548,422.4984,oos_2023_2024
2023-07-10T00:00:00+00:00,1.041226,0.75,360.0728,423.5678,oos_2023_2024
2023-07-11T00:00:00+00:00,1.045084,0.75,361.8517,426.2654,oos_2023_2024
2023-07-12T00:00:00+00:00,1.054984,0.75,366.4220,429.6951,oos_2023_2024
2023-07-13T00:00:00+00:00,1.068418,0.75,372.6434,433.1054,oos_2023_2024
2023-07-14T00:00:00+00:00,1.068249,0.75,372.5647,432.8358,oos_2023_2024
2023-07-17T00:00:00+00:00,1.075730,0.75,376.0439,434.3386,oos_2023_2024
2023-07-18T00:00:00+00:00,1.082331,0.75,379.1203,437.5660,oos_2023_2024
2023-07-19T00:00:00+00:00,1.082141,0.75,379.0318,438.5390,oos_2023_2024
2023-07-20T00:00:00+00:00,1.063432,0.75,370.2944,435.6295,oos_2023_2024
2023-07-21T00:00:00+00:00,1.061040,0.75,369.1838,435.6295,oos_2023_2024
2023-07-24T00:00:00+00:00,1.062311,0.75,369.7735,437.5757,oos_2023_2024
2023-07-25T00:00:00+00:00,1.067711,0.75,372.2797,438.7703,oos_2023_2024
2023-07-26T00:00:00+00:00,1.065047,0.75,371.0413,438.8377,oos_2023_2024
2023-07-27T00:00:00+00:00,1.063143,0.75,370.1568,435.9282,oos_2023_2024
2023-07-28T00:00:00+00:00,1.077667,0.75,376.8990,440.1961,oos_2023_2024
2023-07-31T00:00:00+00:00,1.078088,0.75,377.0956,441.0342,oos_2023_2024
2023-08-01T00:00:00+00:00,1.078088,0.75,376.2209,439.7722,oos_2023_2024
2023-08-02T00:00:00+00:00,1.060345,0.75,367.9650,433.6546,oos_2023_2024
2023-08-03T00:00:00+00:00,1.059071,0.75,367.3754,432.4118,oos_2023_2024
2023-08-04T00:00:00+00:00,1.055352,0.75,365.6554,430.4561,oos_2023_2024
2023-08-07T00:00:00+00:00,1.062053,0.75,368.7513,434.2134,oos_2023_2024
2023-08-08T00:00:00+00:00,1.055281,0.75,365.6160,432.3251,oos_2023_2024
2023-08-09T00:00:00+00:00,1.046579,0.75,361.5963,429.4349,oos_2023_2024
2023-08-10T00:00:00+00:00,1.048030,0.75,362.2646,429.5890,oos_2023_2024
2023-08-11T00:00:00+00:00,1.043018,0.75,359.9548,429.3386,oos_2023_2024
2023-08-14T00:00:00+00:00,1.051797,0.75,363.9944,431.7085,oos_2023_2024
2023-08-15T00:00:00+00:00,1.043426,0.75,360.1318,426.6797,oos_2023_2024
2023-08-16T00:00:00+00:00,1.035140,0.75,356.3184,423.5486,oos_2023_2024
2023-08-17T00:00:00+00:00,1.026660,0.75,352.4264,420.3212,oos_2023_2024
2023-08-18T00:00:00+00:00,1.025693,0.75,351.9840,420.5235,oos_2023_2024
2023-08-21T00:00:00+00:00,1.038087,0.75,357.6551,423.2596,oos_2023_2024
2023-08-22T00:00:00+00:00,1.036975,0.75,357.1440,422.1131,oos_2023_2024
2023-08-23T00:00:00+00:00,1.049238,0.75,362.7756,426.8145,oos_2023_2024
2023-08-24T00:00:00+00:00,1.032417,0.75,355.0211,420.8993,oos_2023_2024
2023-08-25T00:00:00+00:00,1.038419,0.75,357.7730,423.8665,oos_2023_2024
2023-08-28T00:00:00+00:00,1.044282,0.75,360.4660,426.5544,oos_2023_2024
2023-08-29T00:00:00+00:00,1.061387,0.75,368.3385,432.7201,oos_2023_2024
2023-08-30T00:00:00+00:00,1.065826,0.75,370.3927,434.5024,oos_2023_2024
2023-08-31T00:00:00+00:00,1.068223,0.75,371.5032,433.8665,oos_2023_2024
2023-09-01T00:00:00+00:00,1.067689,0.25,371.1101,434.6758,oos_2023_2024
2023-09-05T00:00:00+00:00,1.068028,0.25,371.5819,432.7972,oos_2023_2024
2023-09-06T00:00:00+00:00,1.065676,0.25,368.3090,429.8877,oos_2023_2024
2023-09-07T00:00:00+00:00,1.063771,0.25,365.6750,428.5679,oos_2023_2024
2023-09-08T00:00:00+00:00,1.064143,0.25,366.1861,429.2133,oos_2023_2024
2023-09-11T00:00:00+00:00,1.067277,0.25,370.5008,432.0361,oos_2023_2024
2023-09-12T00:00:00+00:00,1.064319,0.25,366.3925,429.6662,oos_2023_2024
2023-09-13T00:00:00+00:00,1.065332,0.25,367.7881,430.1671,oos_2023_2024
2023-09-14T00:00:00+00:00,1.067510,0.25,370.7957,433.8762,oos_2023_2024
2023-09-15T00:00:00+00:00,1.062940,0.25,364.4465,428.6487,oos_2023_2024
2023-09-18T00:00:00+00:00,1.063217,0.25,364.8264,428.9001,oos_2023_2024
2023-09-19T00:00:00+00:00,1.062651,0.25,364.0488,428.0106,oos_2023_2024
2023-09-20T00:00:00+00:00,1.058823,0.25,358.8027,424.0757,oos_2023_2024
2023-09-21T00:00:00+00:00,1.053972,0.25,352.2278,417.0665,oos_2023_2024
2023-09-22T00:00:00+00:00,1.054009,0.25,352.2771,416.1288,oos_2023_2024
2023-09-25T00:00:00+00:00,1.055260,0.25,353.9503,417.8786,oos_2023_2024
2023-09-26T00:00:00+00:00,1.051299,0.25,348.6353,411.7395,oos_2023_2024
2023-09-27T00:00:00+00:00,1.051915,0.25,349.4522,411.9038,oos_2023_2024
2023-09-28T00:00:00+00:00,1.054115,0.25,352.3755,414.2918,oos_2023_2024
2023-09-29T00:00:00+00:00,1.054306,0.25,352.6314,413.2863,oos_2023_2024
2023-10-02T00:00:00+00:00,1.054042,0.00,355.5744,413.1219,oos_2023_2024
2023-10-03T00:00:00+00:00,1.054042,0.00,349.3341,407.5919,oos_2023_2024
2023-10-04T00:00:00+00:00,1.054042,0.00,354.0881,410.5599,oos_2023_2024
2023-10-05T00:00:00+00:00,1.054042,0.00,353.0447,410.4053,oos_2023_2024
2023-10-06T00:00:00+00:00,1.054042,0.00,358.9603,415.2779,oos_2023_2024
2023-10-09T00:00:00+00:00,1.054042,0.00,360.7909,417.9366,oos_2023_2024
2023-10-10T00:00:00+00:00,1.054042,0.00,362.7890,420.1119,oos_2023_2024
2023-10-11T00:00:00+00:00,1.054042,0.00,365.3776,421.8328,oos_2023_2024
2023-10-12T00:00:00+00:00,1.054042,0.00,364.1078,419.2611,oos_2023_2024
2023-10-13T00:00:00+00:00,1.054042,0.00,359.5311,417.1729,oos_2023_2024
2023-10-16T00:00:00+00:00,1.054042,0.00,363.5961,421.5621,oos_2023_2024
2023-10-17T00:00:00+00:00,1.054042,0.00,362.4052,421.5427,oos_2023_2024
2023-10-18T00:00:00+00:00,1.054042,0.00,357.6511,415.9256,oos_2023_2024
2023-10-19T00:00:00+00:00,1.054042,0.00,354.3047,412.2712,oos_2023_2024
2023-10-20T00:00:00+00:00,1.054042,0.00,349.0191,407.2052,oos_2023_2024
2023-10-23T00:00:00+00:00,1.054042,0.00,350.0723,406.4994,oos_2023_2024
2023-10-24T00:00:00+00:00,1.054042,0.00,353.4779,409.5641,oos_2023_2024
2023-10-25T00:00:00+00:00,1.054042,0.00,344.8263,403.6860,oos_2023_2024
2023-10-26T00:00:00+00:00,1.054042,0.00,338.2513,398.8521,oos_2023_2024
2023-10-27T00:00:00+00:00,1.054042,0.00,339.8754,397.0442,oos_2023_2024
2023-10-30T00:00:00+00:00,1.054042,0.00,343.7041,401.7911,oos_2023_2024
2023-10-31T00:00:00+00:00,1.054042,0.00,345.3478,404.3145,oos_2023_2024
2023-11-01T00:00:00+00:00,1.052988,1.00,351.3420,408.6263,oos_2023_2024
2023-11-02T00:00:00+00:00,1.072104,1.00,357.7200,416.4574,oos_2023_2024
2023-11-03T00:00:00+00:00,1.084699,1.00,361.9228,420.2569,oos_2023_2024
2023-11-06T00:00:00+00:00,1.089124,1.00,363.3992,421.2237,oos_2023_2024
2023-11-07T00:00:00+00:00,1.099420,1.00,366.8344,422.4225,oos_2023_2024
2023-11-08T00:00:00+00:00,1.100127,1.00,367.0705,422.7319,oos_2023_2024
2023-11-09T00:00:00+00:00,1.091661,1.00,364.2457,419.4352,oos_2023_2024
2023-11-10T00:00:00+00:00,1.116204,1.00,372.4348,425.9803,oos_2023_2024
2023-11-13T00:00:00+00:00,1.112723,1.00,371.2733,425.5743,oos_2023_2024
2023-11-14T00:00:00+00:00,1.136676,1.00,379.2655,433.8308,oos_2023_2024
2023-11-15T00:00:00+00:00,1.137532,1.00,379.5510,434.7492,oos_2023_2024
2023-11-16T00:00:00+00:00,1.138506,1.00,379.8758,435.2809,oos_2023_2024
2023-11-17T00:00:00+00:00,1.138771,1.00,379.9643,435.8224,oos_2023_2024
2023-11-20T00:00:00+00:00,1.152635,1.00,384.5903,439.1771,oos_2023_2024
2023-11-21T00:00:00+00:00,1.145939,1.00,382.3561,438.2201,oos_2023_2024
2023-11-22T00:00:00+00:00,1.150629,1.00,383.9210,439.9119,oos_2023_2024
2023-11-24T00:00:00+00:00,1.149007,1.00,383.3797,440.1826,oos_2023_2024
2023-11-27T00:00:00+00:00,1.148004,1.00,383.0451,439.3898,oos_2023_2024
2023-11-28T00:00:00+00:00,1.151013,1.00,384.0490,439.8249,oos_2023_2024
2023-11-29T00:00:00+00:00,1.149892,1.00,383.6750,439.5155,oos_2023_2024
2023-11-30T00:00:00+00:00,1.147001,1.00,382.7104,441.2461,oos_2023_2024
2023-12-01T00:00:00+00:00,1.147001,1.00,383.8029,443.8564,oos_2023_2024
2023-12-04T00:00:00+00:00,1.136353,1.00,380.2399,441.5265,oos_2023_2024
2023-12-05T00:00:00+00:00,1.139206,1.00,381.1947,441.4395,oos_2023_2024
2023-12-06T00:00:00+00:00,1.132617,1.00,378.9899,439.6605,oos_2023_2024
2023-12-07T00:00:00+00:00,1.148442,1.00,384.2853,443.0153,oos_2023_2024
2023-12-08T00:00:00+00:00,1.153561,1.00,385.9979,444.9199,oos_2023_2024
2023-12-11T00:00:00+00:00,1.163414,1.00,389.2951,446.6505,oos_2023_2024
2023-12-12T00:00:00+00:00,1.172680,1.00,392.3956,448.6904,oos_2023_2024
2023-12-13T00:00:00+00:00,1.187593,1.00,397.3858,454.8780,oos_2023_2024
2023-12-14T00:00:00+00:00,1.186564,1.00,397.0413,456.3378,oos_2023_2024
2023-12-15T00:00:00+00:00,1.192300,1.00,398.9606,455.5864,oos_2023_2024
2023-12-18T00:00:00+00:00,1.199810,1.00,401.4735,458.1491,oos_2023_2024
2023-12-19T00:00:00+00:00,1.205940,1.00,403.5248,460.9351,oos_2023_2024
2023-12-20T00:00:00+00:00,1.188020,1.00,397.5286,454.5478,oos_2023_2024
2023-12-21T00:00:00+00:00,1.201843,1.00,402.1540,458.8578,oos_2023_2024
2023-12-22T00:00:00+00:00,1.203641,1.00,402.7556,459.7799,oos_2023_2024
2023-12-26T00:00:00+00:00,1.211010,1.00,405.2212,461.7214,oos_2023_2024
2023-12-27T00:00:00+00:00,1.213475,1.00,406.0461,462.5562,oos_2023_2024
2023-12-28T00:00:00+00:00,1.212885,1.00,405.8488,462.7309,oos_2023_2024
2023-12-29T00:00:00+00:00,1.207636,1.00,404.0923,461.3913,oos_2023_2024
2024-01-02T00:00:00+00:00,1.207636,1.00,397.2542,458.8092,oos_2023_2024
2024-01-03T00:00:00+00:00,1.194857,1.00,393.0506,455.0622,oos_2023_2024
2024-01-04T00:00:00+00:00,1.188708,1.00,391.0278,453.5965,oos_2023_2024
2024-01-05T00:00:00+00:00,1.190118,1.00,391.4916,454.2178,oos_2023_2024
2024-01-08T00:00:00+00:00,1.214715,1.00,399.5829,460.7021,oos_2023_2024
2024-01-09T00:00:00+00:00,1.217115,1.00,400.3723,460.0032,oos_2023_2024
2024-01-10T00:00:00+00:00,1.225364,1.00,403.0859,462.6047,oos_2023_2024
2024-01-11T00:00:00+00:00,1.227914,1.00,403.9246,462.4009,oos_2023_2024
2024-01-12T00:00:00+00:00,1.228544,1.00,404.1318,462.7212,oos_2023_2024
2024-01-16T00:00:00+00:00,1.228424,1.00,404.0923,461.0224,oos_2023_2024
2024-01-17T00:00:00+00:00,1.221495,1.00,401.8130,458.4597,oos_2023_2024
2024-01-18T00:00:00+00:00,1.238833,1.00,407.5164,462.5368,oos_2023_2024
2024-01-19T00:00:00+00:00,1.263400,1.00,415.5978,468.3028,oos_2023_2024
2024-01-22T00:00:00+00:00,1.265050,1.00,416.1406,469.2929,oos_2023_2024
2024-01-23T00:00:00+00:00,1.270299,1.00,417.8673,470.6617,oos_2023_2024
2024-01-24T00:00:00+00:00,1.277348,1.00,420.1862,471.1762,oos_2023_2024
2024-01-25T00:00:00+00:00,1.278908,1.00,420.6993,473.7388,oos_2023_2024
2024-01-26T00:00:00+00:00,1.271289,1.00,418.1930,473.1370,oos_2023_2024
2024-01-29T00:00:00+00:00,1.284308,1.00,422.4754,476.8839,oos_2023_2024
2024-01-30T00:00:00+00:00,1.275759,1.00,419.6632,476.5151,oos_2023_2024
2024-01-31T00:00:00+00:00,1.250771,1.00,411.4436,468.7396,oos_2023_2024
2024-02-01T00:00:00+00:00,1.250771,1.00,416.2885,474.8746,oos_2023_2024
2024-02-02T00:00:00+00:00,1.271910,1.00,423.3240,479.8738,oos_2023_2024
2024-02-05T00:00:00+00:00,1.270250,1.00,422.7715,478.1264,oos_2023_2024
2024-02-06T00:00:00+00:00,1.267700,1.00,421.9228,479.5146,oos_2023_2024
2024-02-07T00:00:00+00:00,1.280745,1.00,426.2646,483.5140,oos_2023_2024
2024-02-08T00:00:00+00:00,1.283117,1.00,427.0539,483.7275,oos_2023_2024
2024-02-09T00:00:00+00:00,1.295747,1.00,431.2575,486.5232,oos_2023_2024
2024-02-12T00:00:00+00:00,1.290677,1.00,429.5701,486.3096,oos_2023_2024
2024-02-13T00:00:00+00:00,1.270546,1.00,422.8701,479.6116,oos_2023_2024
2024-02-14T00:00:00+00:00,1.284392,1.00,427.4782,483.9702,oos_2023_2024
2024-02-15T00:00:00+00:00,1.288216,1.00,428.7512,487.3095,oos_2023_2024
2024-02-16T00:00:00+00:00,1.276535,1.00,424.8634,484.8827,oos_2023_2024
2024-02-20T00:00:00+00:00,1.266900,1.00,421.6564,482.2132,oos_2023_2024
2024-02-21T00:00:00+00:00,1.261830,1.00,419.9691,482.6500,oos_2023_2024
2024-02-22T00:00:00+00:00,1.298771,1.00,432.2639,492.6387,oos_2023_2024
2024-02-23T00:00:00+00:00,1.294946,1.00,430.9911,492.9785,oos_2023_2024
2024-02-26T00:00:00+00:00,1.294264,1.00,430.7641,491.1729,oos_2023_2024
2024-02-27T00:00:00+00:00,1.297377,1.00,431.8001,492.0853,oos_2023_2024
2024-02-28T00:00:00+00:00,1.290470,1.00,429.5011,491.4350,oos_2023_2024
2024-02-29T00:00:00+00:00,1.301528,1.00,433.1816,493.2017,oos_2023_2024
2024-03-01T00:00:00+00:00,1.301528,1.00,439.7040,497.8320,oos_2023_2024
2024-03-04T00:00:00+00:00,1.296884,1.00,438.1351,497.2980,oos_2023_2024
2024-03-05T00:00:00+00:00,1.273605,1.00,430.2707,492.3280,oos_2023_2024
2024-03-06T00:00:00+00:00,1.281609,1.00,432.9745,494.8228,oos_2023_2024
2024-03-07T00:00:00+00:00,1.301061,1.00,439.5462,499.7346,oos_2023_2024
2024-03-08T00:00:00+00:00,1.282280,1.00,433.2014,496.7351,oos_2023_2024
2024-03-11T00:00:00+00:00,1.277519,1.00,431.5929,496.3080,oos_2023_2024
2024-03-12T00:00:00+00:00,1.295833,1.00,437.7799,501.6470,oos_2023_2024
2024-03-13T00:00:00+00:00,1.285873,1.00,434.4151,500.8607,oos_2023_2024
2024-03-14T00:00:00+00:00,1.282631,1.00,433.3198,499.8705,oos_2023_2024
2024-03-15T00:00:00+00:00,1.267384,1.00,428.1690,496.4381,oos_2023_2024
2024-03-18T00:00:00+00:00,1.279472,1.00,432.2526,499.3885,oos_2023_2024
2024-03-19T00:00:00+00:00,1.282660,1.00,433.3295,502.1637,oos_2023_2024
2024-03-20T00:00:00+00:00,1.297868,1.00,438.4674,506.8083,oos_2023_2024
2024-03-21T00:00:00+00:00,1.304009,1.00,440.5423,508.4832,oos_2023_2024
2024-03-22T00:00:00+00:00,1.305501,1.00,441.0462,507.5192,oos_2023_2024
2024-03-25T00:00:00+00:00,1.300763,1.00,439.4456,506.1170,oos_2023_2024
2024-03-26T00:00:00+00:00,1.296552,1.00,438.0228,505.1823,oos_2023_2024
2024-03-27T00:00:00+00:00,1.300968,1.00,439.5147,509.4277,oos_2023_2024
2024-03-28T00:00:00+00:00,1.298570,1.00,438.7046,509.3303,oos_2023_2024
2024-04-01T00:00:00+00:00,1.298245,0.75,439.6334,508.4442,oos_2023_2024
2024-04-02T00:00:00+00:00,1.289842,0.75,435.8392,505.2115,oos_2023_2024
2024-04-03T00:00:00+00:00,1.292013,0.75,436.8174,505.7665,oos_2023_2024
2024-04-04T00:00:00+00:00,1.277196,0.75,430.1381,499.5930,oos_2023_2024
2024-04-05T00:00:00+00:00,1.288484,0.75,435.2068,504.8123,oos_2023_2024
2024-04-08T00:00:00+00:00,1.288769,0.75,435.3353,505.0945,oos_2023_2024
2024-04-09T00:00:00+00:00,1.292345,0.75,436.9458,505.6789,oos_2023_2024
2024-04-10T00:00:00+00:00,1.283885,0.75,433.1319,500.6154,oos_2023_2024
2024-04-11T00:00:00+00:00,1.299261,0.75,440.0483,504.3935,oos_2023_2024
2024-04-12T00:00:00+00:00,1.283726,0.75,433.0331,497.4314,oos_2023_2024
2024-04-15T00:00:00+00:00,1.267887,0.75,425.9093,491.1994,oos_2023_2024
2024-04-16T00:00:00+00:00,1.267976,0.75,425.9488,490.3036,oos_2023_2024
2024-04-17T00:00:00+00:00,1.256372,0.75,420.7516,487.4019,oos_2023_2024
2024-04-18T00:00:00+00:00,1.250996,0.75,418.3507,486.3990,oos_2023_2024
2024-04-19T00:00:00+00:00,1.231584,0.75,409.6954,482.1534,oos_2023_2024
2024-04-22T00:00:00+00:00,1.240873,0.75,413.8155,486.5937,oos_2023_2024
2024-04-23T00:00:00+00:00,1.254761,0.75,419.9909,492.3679,oos_2023_2024
2024-04-24T00:00:00+00:00,1.257949,0.75,421.4137,492.1342,oos_2023_2024
2024-04-25T00:00:00+00:00,1.253392,0.75,419.3783,490.2647,oos_2023_2024
2024-04-26T00:00:00+00:00,1.267899,0.75,425.8501,494.9094,oos_2023_2024
2024-04-29T00:00:00+00:00,1.271760,0.75,427.5791,496.6621,oos_2023_2024
2024-04-30T00:00:00+00:00,1.253775,0.75,419.5166,488.7944,oos_2023_2024
2024-05-01T00:00:00+00:00,1.253461,1.00,416.4832,487.2072,oos_2023_2024
2024-05-02T00:00:00+00:00,1.269460,1.00,421.7990,491.7642,oos_2023_2024
2024-05-03T00:00:00+00:00,1.294974,1.00,430.2765,497.8598,oos_2023_2024
2024-05-06T00:00:00+00:00,1.309158,1.00,434.9895,503.0011,oos_2023_2024
2024-05-07T00:00:00+00:00,1.309367,1.00,435.0587,503.5562,oos_2023_2024
2024-05-08T00:00:00+00:00,1.308593,1.00,434.8017,503.6048,oos_2023_2024
2024-05-09T00:00:00+00:00,1.311448,1.00,435.7502,506.5065,oos_2023_2024
2024-05-10T00:00:00+00:00,1.314541,1.00,436.7779,507.1590,oos_2023_2024
2024-05-13T00:00:00+00:00,1.317574,1.00,437.7856,507.2271,oos_2023_2024
2024-05-14T00:00:00+00:00,1.326049,1.00,440.6016,509.5543,oos_2023_2024
2024-05-15T00:00:00+00:00,1.346775,1.00,447.4883,515.8641,oos_2023_2024
2024-05-16T00:00:00+00:00,1.344039,1.00,446.5793,514.8027,oos_2023_2024
2024-05-17T00:00:00+00:00,1.343385,1.00,446.3620,515.5428,oos_2023_2024
2024-05-20T00:00:00+00:00,1.352752,1.00,449.4743,516.1367,oos_2023_2024
2024-05-21T00:00:00+00:00,1.355399,1.00,450.3536,517.4026,oos_2023_2024
2024-05-22T00:00:00+00:00,1.355131,1.00,450.2647,515.9128,oos_2023_2024
2024-05-23T00:00:00+00:00,1.349035,1.00,448.2392,512.1445,oos_2023_2024
2024-05-24T00:00:00+00:00,1.361792,1.00,452.4780,515.5330,oos_2023_2024
2024-05-28T00:00:00+00:00,1.366937,1.00,454.1873,515.8933,oos_2023_2024
2024-05-29T00:00:00+00:00,1.357302,1.00,450.9860,512.2808,oos_2023_2024
2024-05-30T00:00:00+00:00,1.342761,1.00,446.1544,508.8824,oos_2023_2024
2024-05-31T00:00:00+00:00,1.340263,1.00,445.3245,513.5175,oos_2023_2024
2024-06-03T00:00:00+00:00,1.340263,1.00,447.7156,513.9362,oos_2023_2024
2024-06-04T00:00:00+00:00,1.343931,1.00,448.9408,514.5106,oos_2023_2024
2024-06-05T00:00:00+00:00,1.371024,1.00,457.9913,520.6257,oos_2023_2024
2024-06-06T00:00:00+00:00,1.370551,1.00,457.8332,520.6159,oos_2023_2024
2024-06-07T00:00:00+00:00,1.369338,1.00,457.4281,519.9830,oos_2023_2024
2024-06-10T00:00:00+00:00,1.374869,1.00,459.2757,521.5896,oos_2023_2024
2024-06-11T00:00:00+00:00,1.384305,1.00,462.4277,522.8458,oos_2023_2024
2024-06-12T00:00:00+00:00,1.402436,1.00,468.4844,527.1399,oos_2023_2024
2024-06-13T00:00:00+00:00,1.410037,1.00,471.0237,528.2013,oos_2023_2024
2024-06-14T00:00:00+00:00,1.417343,1.00,473.4642,528.5226,oos_2023_2024
2024-06-17T00:00:00+00:00,1.434705,1.00,479.2640,532.7291,oos_2023_2024
2024-06-18T00:00:00+00:00,1.435149,1.00,479.4123,534.0826,oos_2023_2024
2024-06-20T00:00:00+00:00,1.424087,1.00,475.7169,532.6318,oos_2023_2024
2024-06-21T00:00:00+00:00,1.420271,1.00,474.4424,531.9177,oos_2023_2024
2024-06-24T00:00:00+00:00,1.404102,1.00,469.0410,530.1887,oos_2023_2024
2024-06-25T00:00:00+00:00,1.420159,1.00,474.4048,532.2303,oos_2023_2024
2024-06-26T00:00:00+00:00,1.423092,1.00,475.3845,532.8946,oos_2023_2024
2024-06-27T00:00:00+00:00,1.426765,1.00,476.6116,533.7347,oos_2023_2024
2024-06-28T00:00:00+00:00,1.419359,1.00,474.1375,531.6343,oos_2023_2024
2024-07-01T00:00:00+00:00,1.419359,1.00,476.9184,532.7285,oos_2023_2024
2024-07-02T00:00:00+00:00,1.434261,1.00,481.9259,536.3136,oos_2023_2024
2024-07-03T00:00:00+00:00,1.446219,1.00,485.9437,538.7070,oos_2023_2024
2024-07-05T00:00:00+00:00,1.461298,1.00,491.0106,541.8134,oos_2023_2024
2024-07-08T00:00:00+00:00,1.464774,1.00,492.1784,542.4387,oos_2023_2024
2024-07-09T00:00:00+00:00,1.466040,1.00,492.6039,542.9661,oos_2023_2024
2024-07-10T00:00:00+00:00,1.481326,1.00,497.7400,548.3388,oos_2023_2024
2024-07-11T00:00:00+00:00,1.448840,1.00,486.8245,543.6110,oos_2023_2024
2024-07-12T00:00:00+00:00,1.457352,1.00,489.6845,547.0397,oos_2023_2024
2024-07-15T00:00:00+00:00,1.461269,1.00,491.0007,548.5441,oos_2023_2024
2024-07-16T00:00:00+00:00,1.461829,1.00,491.1888,551.7971,oos_2023_2024
2024-07-17T00:00:00+00:00,1.418917,1.00,476.7700,544.0602,oos_2023_2024
2024-07-18T00:00:00+00:00,1.412202,1.00,474.5136,539.8793,oos_2023_2024
2024-07-19T00:00:00+00:00,1.399684,1.00,470.3077,536.2941,oos_2023_2024
2024-07-22T00:00:00+00:00,1.420537,1.00,477.3143,541.8232,oos_2023_2024
2024-07-23T00:00:00+00:00,1.415530,1.00,475.6319,540.9734,oos_2023_2024
2024-07-24T00:00:00+00:00,1.364754,1.00,458.5708,528.7135,oos_2023_2024
2024-07-25T00:00:00+00:00,1.349704,1.00,453.5139,525.9587,oos_2023_2024
2024-07-26T00:00:00+00:00,1.363547,1.00,458.1650,531.8494,oos_2023_2024
2024-07-29T00:00:00+00:00,1.366286,1.00,459.0854,532.1620,oos_2023_2024
2024-07-30T00:00:00+00:00,1.347525,1.00,452.7815,529.4657,oos_2023_2024
2024-07-31T00:00:00+00:00,1.387403,1.00,466.1810,538.0720,oos_2023_2024
2024-08-01T00:00:00+00:00,1.387403,1.00,454.8894,530.4525,oos_2023_2024
2024-08-02T00:00:00+00:00,1.354473,1.00,444.0927,520.5762,oos_2023_2024
2024-08-05T00:00:00+00:00,1.314088,1.00,430.8515,505.4151,oos_2023_2024
2024-08-06T00:00:00+00:00,1.326644,1.00,434.9684,510.0748,oos_2023_2024
2024-08-07T00:00:00+00:00,1.312277,1.00,430.2577,506.6654,oos_2023_2024
2024-08-08T00:00:00+00:00,1.352421,1.00,443.4197,518.3782,oos_2023_2024
2024-08-09T00:00:00+00:00,1.359483,1.00,445.7355,520.6641,oos_2023_2024
2024-08-12T00:00:00+00:00,1.362411,1.00,446.6954,520.9376,oos_2023_2024
2024-08-13T00:00:00+00:00,1.396216,1.00,457.7791,529.5048,oos_2023_2024
2024-08-14T00:00:00+00:00,1.396669,1.00,457.9276,531.1752,oos_2023_2024
2024-08-15T00:00:00+00:00,1.431953,1.00,469.4962,540.2797,oos_2023_2024
2024-08-16T00:00:00+00:00,1.433794,1.00,470.0999,541.4911,oos_2023_2024
2024-08-19T00:00:00+00:00,1.452629,1.00,476.2752,546.6685,oos_2023_2024
2024-08-20T00:00:00+00:00,1.449580,1.00,475.2757,545.7795,oos_2023_2024
2024-08-21T00:00:00+00:00,1.456341,1.00,477.4923,547.6551,oos_2023_2024
2024-08-22T00:00:00+00:00,1.433251,1.00,469.9218,543.3569,oos_2023_2024
2024-08-23T00:00:00+00:00,1.448796,1.00,475.0184,549.1301,oos_2023_2024
2024-08-26T00:00:00+00:00,1.434730,1.00,470.4067,547.8211,oos_2023_2024
2024-08-27T00:00:00+00:00,1.439016,1.00,471.8120,548.5734,oos_2023_2024
2024-08-28T00:00:00+00:00,1.422687,1.00,466.4581,545.3887,oos_2023_2024
2024-08-29T00:00:00+00:00,1.420604,1.00,465.7753,545.4376,oos_2023_2024
2024-08-30T00:00:00+00:00,1.437537,1.00,471.3270,550.6443,oos_2023_2024
2024-08-30T00:00:00+00:00,1.000000,0.00,471.3270,550.6444,forward_2024_2026
2024-09-03T00:00:00+00:00,1.000000,0.00,457.0171,539.3127,forward_2024_2026
2024-09-04T00:00:00+00:00,1.000000,0.00,455.8296,538.2088,forward_2024_2026
2024-09-05T00:00:00+00:00,1.000000,0.00,456.2551,536.8998,forward_2024_2026
2024-09-06T00:00:00+00:00,1.000000,0.00,444.0333,527.8636,forward_2024_2026
2024-09-09T00:00:00+00:00,1.000000,0.00,449.7434,533.7736,forward_2024_2026
2024-09-10T00:00:00+00:00,1.000000,0.00,453.8998,536.0987,forward_2024_2026
2024-09-11T00:00:00+00:00,1.000000,0.00,463.7564,541.5986,forward_2024_2026
2024-09-12T00:00:00+00:00,1.000000,0.00,468.3087,546.1606,forward_2024_2026
2024-09-13T00:00:00+00:00,1.000000,0.00,470.4067,549.0130,forward_2024_2026
2024-09-16T00:00:00+00:00,1.000000,0.00,468.3284,549.8239,forward_2024_2026
2024-09-17T00:00:00+00:00,1.000000,0.00,468.5759,550.0485,forward_2024_2026
2024-09-18T00:00:00+00:00,1.000000,0.00,466.5472,548.4172,forward_2024_2026
2024-09-19T00:00:00+00:00,1.000000,0.00,478.3434,557.7756,forward_2024_2026
2024-09-20T00:00:00+00:00,1.000000,0.00,477.4330,556.8114,forward_2024_2026
2024-09-23T00:00:00+00:00,1.000000,0.00,478.6985,558.2028,forward_2024_2026
2024-09-24T00:00:00+00:00,1.000000,0.00,481.0076,559.7999,forward_2024_2026
2024-09-25T00:00:00+00:00,1.000000,0.00,481.4536,558.5653,forward_2024_2026
2024-09-26T00:00:00+00:00,1.000000,0.00,485.0707,560.7798,forward_2024_2026
2024-09-27T00:00:00+00:00,1.000000,0.00,482.3752,559.9665,forward_2024_2026
2024-09-30T00:00:00+00:00,1.000000,0.00,483.6833,562.2104,forward_2024_2026
2024-10-01T00:00:00+00:00,1.000000,0.00,476.9444,557.1740,forward_2024_2026
2024-10-02T00:00:00+00:00,1.000000,0.00,477.6183,557.4091,forward_2024_2026
2024-10-03T00:00:00+00:00,1.000000,0.00,477.2615,556.3900,forward_2024_2026
2024-10-04T00:00:00+00:00,1.000000,0.00,482.9401,561.4462,forward_2024_2026
2024-10-07T00:00:00+00:00,1.000000,0.00,477.7670,556.3703,forward_2024_2026
2024-10-08T00:00:00+00:00,1.000000,0.00,484.9023,561.6323,forward_2024_2026
2024-10-09T00:00:00+00:00,1.000000,0.00,488.7177,565.5224,forward_2024_2026
2024-10-10T00:00:00+00:00,1.000000,0.00,488.1627,564.5327,forward_2024_2026
2024-10-11T00:00:00+00:00,1.000000,0.00,488.9258,567.9133,forward_2024_2026
2024-10-14T00:00:00+00:00,1.000000,0.00,493.0286,572.5579,forward_2024_2026
2024-10-15T00:00:00+00:00,1.000000,0.00,486.4383,568.1092,forward_2024_2026
2024-10-16T00:00:00+00:00,1.000000,0.00,486.4978,570.5786,forward_2024_2026
2024-10-17T00:00:00+00:00,1.000000,0.00,486.8347,570.6274,forward_2024_2026
2024-10-18T00:00:00+00:00,1.000000,0.00,490.0258,572.8224,forward_2024_2026
2024-10-21T00:00:00+00:00,1.000000,0.00,490.9673,571.8818,forward_2024_2026
2024-10-22T00:00:00+00:00,1.000000,0.00,491.5024,571.5779,forward_2024_2026
2024-10-23T00:00:00+00:00,1.000000,0.00,483.9707,566.3552,forward_2024_2026
2024-10-24T00:00:00+00:00,1.000000,0.00,487.8951,567.5801,forward_2024_2026
2024-10-25T00:00:00+00:00,1.000000,0.00,490.8682,567.3842,forward_2024_2026
2024-10-28T00:00:00+00:00,1.000000,0.00,490.9474,569.1381,forward_2024_2026
2024-10-29T00:00:00+00:00,1.000000,0.00,495.6647,570.0593,forward_2024_2026
2024-10-30T00:00:00+00:00,1.000000,0.00,491.9187,568.3345,forward_2024_2026
2024-10-31T00:00:00+00:00,1.000000,0.00,479.5013,557.1936,forward_2024_2026
2024-11-01T00:00:00+00:00,1.000000,0.00,483.0490,559.5452,forward_2024_2026
2024-11-04T00:00:00+00:00,1.000000,0.00,481.6418,558.3399,forward_2024_2026
2024-11-05T00:00:00+00:00,1.000000,0.00,487.7861,565.0912,forward_2024_2026
2024-11-06T00:00:00+00:00,1.000000,0.00,501.0359,579.1425,forward_2024_2026
2024-11-07T00:00:00+00:00,1.000000,0.00,508.9243,583.6205,forward_2024_2026
2024-11-08T00:00:00+00:00,1.000000,0.00,509.5190,586.1487,forward_2024_2026
2024-11-11T00:00:00+00:00,1.000000,0.00,509.2217,586.7072,forward_2024_2026
2024-11-12T00:00:00+00:00,1.000000,0.00,508.3000,584.8847,forward_2024_2026
2024-11-13T00:00:00+00:00,1.000000,0.00,507.6460,585.1688,forward_2024_2026
2024-11-14T00:00:00+00:00,1.000000,0.00,504.1180,581.4061,forward_2024_2026
2024-11-15T00:00:00+00:00,1.000000,0.00,492.1069,573.9592,forward_2024_2026
2024-11-18T00:00:00+00:00,1.000000,0.00,495.5259,576.3109,forward_2024_2026
2024-11-19T00:00:00+00:00,1.000000,0.00,498.9350,578.4175,forward_2024_2026
2024-11-20T00:00:00+00:00,1.000000,0.00,498.6476,578.6135,forward_2024_2026
2024-11-21T00:00:00+00:00,1.000000,0.00,500.4413,581.7196,forward_2024_2026
2024-11-22T00:00:00+00:00,1.000000,0.00,501.2441,583.5226,forward_2024_2026
2024-11-25T00:00:00+00:00,1.000000,0.00,502.0369,585.5020,forward_2024_2026
2024-11-26T00:00:00+00:00,1.000000,0.00,504.7324,588.5591,forward_2024_2026
2024-11-27T00:00:00+00:00,1.000000,0.00,500.7584,586.7758,forward_2024_2026
2024-11-29T00:00:00+00:00,1.000000,0.00,505.1585,590.4208,forward_2024_2026
2024-12-02T00:00:00+00:00,1.000000,0.00,510.6586,591.4791,forward_2024_2026
2024-12-03T00:00:00+00:00,1.000000,0.00,512.2245,591.7535,forward_2024_2026
2024-12-04T00:00:00+00:00,1.000000,0.00,518.5570,595.4279,forward_2024_2026
2024-12-05T00:00:00+00:00,1.000000,0.00,517.1201,594.4481,forward_2024_2026
2024-12-06T00:00:00+00:00,1.000000,0.00,521.7481,595.5750,forward_2024_2026
2024-12-09T00:00:00+00:00,1.000000,0.00,517.6849,592.5080,forward_2024_2026
2024-12-10T00:00:00+00:00,1.000000,0.00,515.9209,590.6658,forward_2024_2026
2024-12-11T00:00:00+00:00,1.000000,0.00,525.1571,595.2321,forward_2024_2026
2024-12-12T00:00:00+00:00,1.000000,0.00,521.7679,592.1651,forward_2024_2026
2024-12-13T00:00:00+00:00,1.000000,0.00,525.7617,592.0476,forward_2024_2026
2024-12-16T00:00:00+00:00,1.000000,0.00,533.3330,594.5754,forward_2024_2026
2024-12-17T00:00:00+00:00,1.000000,0.00,530.9844,592.1258,forward_2024_2026
2024-12-18T00:00:00+00:00,1.000000,0.00,511.8280,574.4784,forward_2024_2026
2024-12-19T00:00:00+00:00,1.000000,0.00,509.5487,574.3020,forward_2024_2026
2024-12-20T00:00:00+00:00,1.000000,0.00,513.9984,581.2000,forward_2024_2026
2024-12-23T00:00:00+00:00,1.000000,0.00,519.0061,584.6804,forward_2024_2026
2024-12-24T00:00:00+00:00,1.000000,0.00,526.0437,591.1791,forward_2024_2026
2024-12-26T00:00:00+00:00,1.000000,0.00,525.6863,591.2184,forward_2024_2026
2024-12-27T00:00:00+00:00,1.000000,0.00,518.6984,584.9949,forward_2024_2026
2024-12-30T00:00:00+00:00,1.000000,0.00,511.7998,578.3192,forward_2024_2026
2024-12-31T00:00:00+00:00,1.000000,0.00,507.4521,576.2153,forward_2024_2026
2025-01-02T00:00:00+00:00,0.999250,0.75,506.4595,574.7996,forward_2024_2026
2025-01-03T00:00:00+00:00,1.011515,0.75,514.7477,581.9865,forward_2024_2026
2025-01-06T00:00:00+00:00,1.020234,0.75,520.6638,585.3390,forward_2024_2026
2025-01-07T00:00:00+00:00,1.006580,0.75,511.3729,578.7225,forward_2024_2026
2025-01-08T00:00:00+00:00,1.006712,0.75,511.4623,579.5678,forward_2024_2026
2025-01-10T00:00:00+00:00,0.994872,0.75,503.4420,570.7192,forward_2024_2026
2025-01-13T00:00:00+00:00,0.992474,0.75,501.8240,571.6042,forward_2024_2026
2025-01-14T00:00:00+00:00,0.991767,0.75,501.3476,572.3907,forward_2024_2026
2025-01-15T00:00:00+00:00,1.008880,0.75,512.8817,582.8026,forward_2024_2026
2025-01-16T00:00:00+00:00,1.003579,0.75,509.2885,581.6818,forward_2024_2026
2025-01-17T00:00:00+00:00,1.016283,0.75,517.8845,587.5217,forward_2024_2026
2025-01-21T00:00:00+00:00,1.020753,0.75,520.9218,592.8996,forward_2024_2026
2025-01-22T00:00:00+00:00,1.030541,0.75,527.5822,596.2326,forward_2024_2026
2025-01-23T00:00:00+00:00,1.032185,0.75,528.7040,599.4869,forward_2024_2026
2025-01-24T00:00:00+00:00,1.027810,0.75,525.7162,597.7368,forward_2024_2026
2025-01-27T00:00:00+00:00,1.005367,0.75,510.4101,589.2816,forward_2024_2026
2025-01-28T00:00:00+00:00,1.016511,0.75,517.9539,594.3450,forward_2024_2026
2025-01-29T00:00:00+00:00,1.015079,0.75,516.9812,591.6805,forward_2024_2026
2025-01-30T00:00:00+00:00,1.018324,0.75,519.1848,594.8561,forward_2024_2026
2025-01-31T00:00:00+00:00,1.017215,0.75,518.4304,591.6903,forward_2024_2026
2025-02-03T00:00:00+00:00,1.016960,1.00,514.2812,587.7085,forward_2024_2026
2025-02-04T00:00:00+00:00,1.029444,1.00,520.5942,591.6511,forward_2024_2026
2025-02-05T00:00:00+00:00,1.034115,1.00,522.9567,594.0499,forward_2024_2026
2025-02-06T00:00:00+00:00,1.039513,1.00,525.6863,596.1146,forward_2024_2026
2025-02-07T00:00:00+00:00,1.026401,1.00,519.0557,590.6580,forward_2024_2026
2025-02-10T00:00:00+00:00,1.038826,1.00,525.3389,594.6693,forward_2024_2026
2025-02-11T00:00:00+00:00,1.036353,1.00,524.0883,595.1216,forward_2024_2026
2025-02-12T00:00:00+00:00,1.036962,1.00,524.3960,593.2043,forward_2024_2026
2025-02-13T00:00:00+00:00,1.051879,1.00,531.9398,599.4672,forward_2024_2026
2025-02-14T00:00:00+00:00,1.056295,1.00,534.1732,599.4377,forward_2024_2026
2025-02-18T00:00:00+00:00,1.058690,1.00,535.3842,601.1975,forward_2024_2026
2025-02-19T00:00:00+00:00,1.058984,1.00,535.5331,602.6133,forward_2024_2026
2025-02-20T00:00:00+00:00,1.054489,1.00,533.2599,600.1063,forward_2024_2026
2025-02-21T00:00:00+00:00,1.032604,1.00,522.1923,589.8420,forward_2024_2026
2025-02-24T00:00:00+00:00,1.020415,1.00,516.0283,587.1580,forward_2024_2026
2025-02-25T00:00:00+00:00,1.007558,1.00,509.5267,584.2379,forward_2024_2026
2025-02-26T00:00:00+00:00,1.009992,1.00,510.7575,584.5329,forward_2024_2026
2025-02-27T00:00:00+00:00,0.981943,1.00,496.5731,575.2026,forward_2024_2026
2025-02-28T00:00:00+00:00,0.997450,1.00,504.4147,584.1790,forward_2024_2026
2025-03-03T00:00:00+00:00,0.996702,0.25,493.3769,573.9442,forward_2024_2026
2025-03-04T00:00:00+00:00,0.995950,0.25,491.8880,567.1505,forward_2024_2026
2025-03-05T00:00:00+00:00,0.999196,0.25,498.3003,573.2460,forward_2024_2026
2025-03-06T00:00:00+00:00,0.992324,0.25,484.5923,563.0704,forward_2024_2026
2025-03-07T00:00:00+00:00,0.994148,0.25,488.1558,566.2263,forward_2024_2026
2025-03-10T00:00:00+00:00,0.984516,0.25,469.2367,551.1445,forward_2024_2026
2025-03-11T00:00:00+00:00,0.983927,0.25,468.1150,546.5629,forward_2024_2026
2025-03-12T00:00:00+00:00,0.986702,0.25,473.3957,549.4633,forward_2024_2026
2025-03-13T00:00:00+00:00,0.982264,0.25,464.8791,542.1387,forward_2024_2026
2025-03-14T00:00:00+00:00,0.988200,0.25,476.1154,553.3369,forward_2024_2026
2025-03-17T00:00:00+00:00,0.989802,0.25,479.2024,557.6039,forward_2024_2026
2025-03-18T00:00:00+00:00,0.985583,0.25,471.0333,551.5771,forward_2024_2026
2025-03-19T00:00:00+00:00,0.988880,0.25,477.3364,557.5842,forward_2024_2026
2025-03-20T00:00:00+00:00,0.988042,0.25,475.7184,555.9719,forward_2024_2026
2025-03-21T00:00:00+00:00,0.988857,0.25,477.2867,556.1553,forward_2024_2026
2025-03-24T00:00:00+00:00,0.994282,0.25,487.7604,566.1152,forward_2024_2026
2025-03-25T00:00:00+00:00,0.995700,0.25,490.5439,567.4760,forward_2024_2026
2025-03-26T00:00:00+00:00,0.991120,0.25,481.5175,560.7012,forward_2024_2026
2025-03-27T00:00:00+00:00,0.989708,0.25,478.7739,559.2123,forward_2024_2026
2025-03-28T00:00:00+00:00,0.983194,0.25,466.1688,547.9506,forward_2024_2026
2025-03-31T00:00:00+00:00,0.983183,0.25,466.1489,551.6289,forward_2024_2026
2025-04-01T00:00:00+00:00,0.983183,0.25,469.9066,553.1870,forward_2024_2026
2025-04-02T00:00:00+00:00,0.984977,0.25,473.3362,556.6877,forward_2024_2026
2025-04-03T00:00:00+00:00,0.971795,0.25,447.9968,529.2538,forward_2024_2026
2025-04-04T00:00:00+00:00,0.956706,0.25,420.1722,498.2697,forward_2024_2026
2025-04-07T00:00:00+00:00,0.957283,0.25,421.1862,497.3822,forward_2024_2026
2025-04-08T00:00:00+00:00,0.952973,0.25,413.6012,489.5918,forward_2024_2026
2025-04-09T00:00:00+00:00,0.981569,0.25,463.2461,541.0084,forward_2024_2026
2025-04-10T00:00:00+00:00,0.971132,0.25,443.5433,517.3019,forward_2024_2026
2025-04-11T00:00:00+00:00,0.975605,0.25,451.7147,526.5320,forward_2024_2026
2025-04-14T00:00:00+00:00,0.977258,0.25,454.7765,531.6402,forward_2024_2026
2025-04-15T00:00:00+00:00,0.977531,0.25,455.2835,530.1511,forward_2024_2026
2025-04-16T00:00:00+00:00,0.970162,0.25,441.5551,518.3669,forward_2024_2026
2025-04-17T00:00:00+00:00,0.970118,0.25,441.4756,519.1065,forward_2024_2026
2025-04-21T00:00:00+00:00,0.964116,0.25,430.5504,506.7504,forward_2024_2026
2025-04-22T00:00:00+00:00,0.970444,0.25,441.8533,519.9349,forward_2024_2026
2025-04-23T00:00:00+00:00,0.975946,0.25,451.8737,527.9915,forward_2024_2026
2025-04-24T00:00:00+00:00,0.982811,0.25,464.5882,539.1052,forward_2024_2026
2025-04-25T00:00:00+00:00,0.985550,0.25,469.7674,543.0004,forward_2024_2026
2025-04-28T00:00:00+00:00,0.985472,0.25,469.6183,543.2074,forward_2024_2026
2025-04-29T00:00:00+00:00,0.987099,0.25,472.7198,546.6293,forward_2024_2026
2025-04-30T00:00:00+00:00,0.987068,0.25,472.6602,546.8463,forward_2024_2026
2025-05-01T00:00:00+00:00,0.986327,1.00,478.8335,550.7217,forward_2024_2026
2025-05-02T00:00:00+00:00,1.000968,1.00,485.9412,558.8967,forward_2024_2026
2025-05-05T00:00:00+00:00,0.995030,1.00,483.0583,555.6918,forward_2024_2026
2025-05-06T00:00:00+00:00,0.985774,1.00,478.5650,551.0471,forward_2024_2026
2025-05-07T00:00:00+00:00,0.989645,1.00,480.4439,553.3646,forward_2024_2026
2025-05-08T00:00:00+00:00,0.999863,1.00,485.4044,557.2203,forward_2024_2026
2025-05-09T00:00:00+00:00,0.999207,1.00,485.0863,556.5103,forward_2024_2026
2025-05-12T00:00:00+00:00,1.039915,1.00,504.8488,574.9016,forward_2024_2026
2025-05-13T00:00:00+00:00,1.055764,1.00,512.5431,578.6982,forward_2024_2026
2025-05-14T00:00:00+00:00,1.062092,1.00,515.6148,579.4377,forward_2024_2026
2025-05-15T00:00:00+00:00,1.063259,1.00,516.1815,582.2678,forward_2024_2026
2025-05-16T00:00:00+00:00,1.067887,1.00,518.4281,585.9559,forward_2024_2026
2025-05-19T00:00:00+00:00,1.068910,1.00,518.9252,586.5969,forward_2024_2026
2025-05-20T00:00:00+00:00,1.065347,1.00,517.1954,584.6247,forward_2024_2026
2025-05-21T00:00:00+00:00,1.050543,1.00,510.0081,574.7733,forward_2024_2026
2025-05-22T00:00:00+00:00,1.052508,1.00,510.9624,575.0002,forward_2024_2026
2025-05-23T00:00:00+00:00,1.042761,1.00,506.2306,571.0753,forward_2024_2026
2025-05-27T00:00:00+00:00,1.067293,1.00,518.1398,582.9483,forward_2024_2026
2025-05-28T00:00:00+00:00,1.062562,1.00,515.8434,579.5757,forward_2024_2026
2025-05-29T00:00:00+00:00,1.064651,1.00,516.8574,581.8636,forward_2024_2026
2025-05-30T00:00:00+00:00,1.062972,1.00,516.0423,581.2127,forward_2024_2026
2025-06-02T00:00:00+00:00,1.062972,1.00,520.1182,584.4867,forward_2024_2026
2025-06-03T00:00:00+00:00,1.071281,1.00,524.1838,587.8198,forward_2024_2026
2025-06-04T00:00:00+00:00,1.074268,1.00,525.6452,587.6619,forward_2024_2026
2025-06-05T00:00:00+00:00,1.066182,1.00,521.6887,584.8220,forward_2024_2026
2025-06-06T00:00:00+00:00,1.076604,1.00,526.7883,590.8275,forward_2024_2026
2025-06-09T00:00:00+00:00,1.078189,1.00,527.5638,591.3600,forward_2024_2026
2025-06-10T00:00:00+00:00,1.085320,1.00,531.0531,594.7128,forward_2024_2026
2025-06-11T00:00:00+00:00,1.081663,1.00,529.2637,593.0167,forward_2024_2026
2025-06-12T00:00:00+00:00,1.084202,1.00,530.5062,595.3735,forward_2024_2026
2025-06-13T00:00:00+00:00,1.070591,1.00,523.8459,588.7172,forward_2024_2026
2025-06-16T00:00:00+00:00,1.085482,1.00,531.1325,594.3183,forward_2024_2026
2025-06-17T00:00:00+00:00,1.074898,1.00,525.9534,589.2399,forward_2024_2026
2025-06-18T00:00:00+00:00,1.074715,1.00,525.8639,589.1510,forward_2024_2026
2025-06-20T00:00:00+00:00,1.070326,1.00,523.7167,587.7674,forward_2024_2026
2025-06-23T00:00:00+00:00,1.081332,1.00,529.1017,593.5731,forward_2024_2026
2025-06-24T00:00:00+00:00,1.097868,1.00,537.1929,600.1304,forward_2024_2026
2025-06-25T00:00:00+00:00,1.100674,1.00,538.5661,600.4666,forward_2024_2026
2025-06-26T00:00:00+00:00,1.110966,1.00,543.6019,605.1646,forward_2024_2026
2025-06-27T00:00:00+00:00,1.114770,1.00,545.4630,608.1712,forward_2024_2026
2025-06-30T00:00:00+00:00,1.121990,1.00,548.9959,611.0790,forward_2024_2026
2025-07-01T00:00:00+00:00,1.121990,1.00,544.3682,610.8813,forward_2024_2026
2025-07-02T00:00:00+00:00,1.129805,1.00,548.1599,613.6506,forward_2024_2026
2025-07-03T00:00:00+00:00,1.140923,1.00,553.5540,618.4870,forward_2024_2026
2025-07-07T00:00:00+00:00,1.132328,1.00,549.3841,613.8780,forward_2024_2026
2025-07-08T00:00:00+00:00,1.132964,1.00,549.6926,613.5418,forward_2024_2026
2025-07-09T00:00:00+00:00,1.140984,1.00,553.5839,617.2210,forward_2024_2026
2025-07-10T00:00:00+00:00,1.139343,1.00,552.7877,618.9618,forward_2024_2026
2025-07-11T00:00:00+00:00,1.136779,1.00,551.5436,616.7858,forward_2024_2026
2025-07-14T00:00:00+00:00,1.140902,1.00,553.5441,617.9628,forward_2024_2026
2025-07-15T00:00:00+00:00,1.141948,1.00,554.0515,615.3221,forward_2024_2026
2025-07-16T00:00:00+00:00,1.143117,1.00,554.6188,617.3792,forward_2024_2026
2025-07-17T00:00:00+00:00,1.152368,1.00,559.1072,621.1573,forward_2024_2026
2025-07-18T00:00:00+00:00,1.151261,1.00,558.5698,620.7025,forward_2024_2026
2025-07-21T00:00:00+00:00,1.157230,1.00,561.4659,621.8794,forward_2024_2026
2025-07-22T00:00:00+00:00,1.151240,1.00,558.5599,621.9684,forward_2024_2026
2025-07-23T00:00:00+00:00,1.156491,1.00,561.1076,627.2598,forward_2024_2026
2025-07-24T00:00:00+00:00,1.158953,1.00,562.3018,627.4675,forward_2024_2026
2025-07-25T00:00:00+00:00,1.161742,1.00,563.6553,630.1181,forward_2024_2026
2025-07-28T00:00:00+00:00,1.165373,1.00,565.4169,629.9599,forward_2024_2026
2025-07-29T00:00:00+00:00,1.163568,1.00,564.5411,628.2983,forward_2024_2026
2025-07-30T00:00:00+00:00,1.165127,1.00,565.2974,627.5071,forward_2024_2026
2025-07-31T00:00:00+00:00,1.158953,1.00,562.3018,625.1532,forward_2024_2026
2025-08-01T00:00:00+00:00,1.158953,1.00,551.2252,614.9066,forward_2024_2026
2025-08-04T00:00:00+00:00,1.180337,1.00,561.3962,624.2531,forward_2024_2026
2025-08-05T00:00:00+00:00,1.172323,1.00,557.5846,621.0881,forward_2024_2026
2025-08-06T00:00:00+00:00,1.187075,1.00,564.6008,625.8455,forward_2024_2026
2025-08-07T00:00:00+00:00,1.191092,1.00,566.5115,625.3212,forward_2024_2026
2025-08-08T00:00:00+00:00,1.202203,1.00,571.7961,630.1972,forward_2024_2026
2025-08-11T00:00:00+00:00,1.198646,1.00,570.1042,628.9510,forward_2024_2026
2025-08-12T00:00:00+00:00,1.213711,1.00,577.2697,635.6469,forward_2024_2026
2025-08-13T00:00:00+00:00,1.214318,1.00,577.5584,637.8228,forward_2024_2026
2025-08-14T00:00:00+00:00,1.213377,1.00,577.1105,637.8821,forward_2024_2026
2025-08-15T00:00:00+00:00,1.208041,1.00,574.5728,636.3887,forward_2024_2026
2025-08-18T00:00:00+00:00,1.207560,1.00,574.3439,636.2501,forward_2024_2026
2025-08-19T00:00:00+00:00,1.191176,1.00,566.5514,632.7984,forward_2024_2026
2025-08-20T00:00:00+00:00,1.184104,1.00,563.1876,631.1170,forward_2024_2026
2025-08-21T00:00:00+00:00,1.178622,1.00,560.5802,628.5851,forward_2024_2026
2025-08-22T00:00:00+00:00,1.196804,1.00,569.2285,638.2382,forward_2024_2026
2025-08-25T00:00:00+00:00,1.193352,1.00,567.5865,635.4293,forward_2024_2026
2025-08-26T00:00:00+00:00,1.198144,1.00,569.8654,638.0898,forward_2024_2026
2025-08-27T00:00:00+00:00,1.199985,1.00,570.7412,639.5436,forward_2024_2026
2025-08-28T00:00:00+00:00,1.207497,1.00,574.3140,641.8085,forward_2024_2026
2025-08-29T00:00:00+00:00,1.193519,1.00,567.6660,637.9810,forward_2024_2026
2025-09-02T00:00:00+00:00,1.193519,1.00,562.9090,633.2534,forward_2024_2026
2025-09-03T00:00:00+00:00,1.202909,1.00,567.3376,636.6854,forward_2024_2026
2025-09-04T00:00:00+00:00,1.213797,1.00,572.4728,642.0063,forward_2024_2026
2025-09-05T00:00:00+00:00,1.215549,1.00,573.2989,640.1470,forward_2024_2026
2025-09-08T00:00:00+00:00,1.221478,1.00,576.0954,641.7195,forward_2024_2026
2025-09-09T00:00:00+00:00,1.224939,1.00,577.7275,643.2032,forward_2024_2026
2025-09-10T00:00:00+00:00,1.225340,1.00,577.9167,645.0626,forward_2024_2026
2025-09-11T00:00:00+00:00,1.232472,1.00,581.2805,650.4231,forward_2024_2026
2025-09-12T00:00:00+00:00,1.237916,1.00,583.8481,650.2056,forward_2024_2026
2025-09-15T00:00:00+00:00,1.248509,1.00,588.8440,653.6672,forward_2024_2026
2025-09-16T00:00:00+00:00,1.247454,1.00,588.3464,652.7672,forward_2024_2026
2025-09-17T00:00:00+00:00,1.244964,1.00,587.1721,651.9561,forward_2024_2026
2025-09-18T00:00:00+00:00,1.256190,1.00,592.4666,655.0024,forward_2024_2026
2025-09-19T00:00:00+00:00,1.264693,1.00,596.4772,658.2465,forward_2024_2026
2025-09-22T00:00:00+00:00,1.272180,1.00,600.0084,661.3607,forward_2024_2026
2025-09-23T00:00:00+00:00,1.263730,1.00,596.0229,657.7606,forward_2024_2026
2025-09-24T00:00:00+00:00,1.259294,1.00,593.9305,655.6678,forward_2024_2026
2025-09-25T00:00:00+00:00,1.253864,1.00,591.3699,652.6429,forward_2024_2026
2025-09-26T00:00:00+00:00,1.259019,1.00,593.8010,656.3820,forward_2024_2026
2025-09-29T00:00:00+00:00,1.264850,1.00,596.5510,658.2267,forward_2024_2026
2025-09-30T00:00:00+00:00,1.268314,1.00,598.1851,660.7061,forward_2024_2026
2025-10-01T00:00:00+00:00,1.268314,1.00,601.0545,662.9575,forward_2024_2026
2025-10-02T00:00:00+00:00,1.273528,1.00,603.5255,663.7211,forward_2024_2026
2025-10-03T00:00:00+00:00,1.268167,1.00,600.9848,663.7112,forward_2024_2026
2025-10-06T00:00:00+00:00,1.277691,1.00,605.4983,666.0915,forward_2024_2026
2025-10-07T00:00:00+00:00,1.270963,1.00,602.3099,663.6219,forward_2024_2026
2025-10-08T00:00:00+00:00,1.285534,1.00,609.2147,667.5792,forward_2024_2026
2025-10-09T00:00:00+00:00,1.283978,1.00,608.4774,665.6452,forward_2024_2026
2025-10-10T00:00:00+00:00,1.239405,1.00,587.3546,647.6542,forward_2024_2026
2025-10-13T00:00:00+00:00,1.265707,1.00,599.8190,657.5919,forward_2024_2026
2025-10-14T00:00:00+00:00,1.257276,1.00,595.8237,656.7886,forward_2024_2026
2025-10-15T00:00:00+00:00,1.266149,1.00,600.0283,659.7044,forward_2024_2026
2025-10-16T00:00:00+00:00,1.261460,1.00,597.8064,655.2117,forward_2024_2026
2025-10-17T00:00:00+00:00,1.269744,1.00,601.7321,658.9308,forward_2024_2026
2025-10-20T00:00:00+00:00,1.285744,1.00,609.3143,665.7841,forward_2024_2026
2025-10-21T00:00:00+00:00,1.285407,1.00,609.1550,665.7741,forward_2024_2026
2025-10-22T00:00:00+00:00,1.273024,1.00,603.2864,662.3128,forward_2024_2026
2025-10-23T00:00:00+00:00,1.283725,1.00,608.3578,666.2403,forward_2024_2026
2025-10-24T00:00:00+00:00,1.297433,1.00,614.8541,671.6852,forward_2024_2026
2025-10-27T00:00:00+00:00,1.320540,1.00,625.8041,679.6095,forward_2024_2026
2025-10-28T00:00:00+00:00,1.330695,1.00,630.6166,681.4145,forward_2024_2026
2025-10-29T00:00:00+00:00,1.336687,1.00,633.4562,681.7419,forward_2024_2026
2025-10-30T00:00:00+00:00,1.316251,1.00,623.7715,674.2440,forward_2024_2026
2025-10-31T00:00:00+00:00,1.322600,1.00,626.7806,676.4556,forward_2024_2026
2025-11-03T00:00:00+00:00,1.322600,1.00,629.7796,677.7252,forward_2024_2026
2025-11-04T00:00:00+00:00,1.295754,1.00,616.9963,669.6917,forward_2024_2026
2025-11-05T00:00:00+00:00,1.304187,1.00,621.0117,672.0125,forward_2024_2026
2025-11-06T00:00:00+00:00,1.279893,1.00,609.4439,664.8022,forward_2024_2026
2025-11-07T00:00:00+00:00,1.275855,1.00,607.5209,665.4567,forward_2024_2026
2025-11-10T00:00:00+00:00,1.304082,1.00,620.9619,675.8408,forward_2024_2026
2025-11-11T00:00:00+00:00,1.300609,1.00,619.3079,677.3879,forward_2024_2026
2025-11-12T00:00:00+00:00,1.299583,1.00,618.8196,677.7648,forward_2024_2026
2025-11-13T00:00:00+00:00,1.273051,1.00,606.1859,666.5180,forward_2024_2026
2025-11-14T00:00:00+00:00,1.274013,1.00,606.6441,666.4089,forward_2024_2026
2025-11-17T00:00:00+00:00,1.263133,1.00,601.4631,660.2003,forward_2024_2026
2025-11-18T00:00:00+00:00,1.247753,1.00,594.1397,654.6562,forward_2024_2026
2025-11-19T00:00:00+00:00,1.255202,1.00,597.6868,657.1853,forward_2024_2026
2025-11-20T00:00:00+00:00,1.225489,1.00,583.5385,647.1683,forward_2024_2026
2025-11-21T00:00:00+00:00,1.234696,1.00,587.9225,653.6149,forward_2024_2026
2025-11-24T00:00:00+00:00,1.266271,1.00,602.9576,663.2352,forward_2024_2026
2025-11-25T00:00:00+00:00,1.274076,1.00,606.6741,669.4734,forward_2024_2026
2025-11-26T00:00:00+00:00,1.285334,1.00,612.0344,674.0952,forward_2024_2026
2025-11-28T00:00:00+00:00,1.295754,1.00,616.9963,677.7747,forward_2024_2026
2025-12-01T00:00:00+00:00,1.295430,0.75,614.9238,674.6803,forward_2024_2026
2025-12-02T00:00:00+00:00,1.303034,0.75,619.7363,675.9301,forward_2024_2026
2025-12-03T00:00:00+00:00,1.305422,0.75,621.2507,678.2706,forward_2024_2026
2025-12-04T00:00:00+00:00,1.304511,0.75,620.6729,678.7665,forward_2024_2026
2025-12-05T00:00:00+00:00,1.308500,0.75,623.2036,680.0558,forward_2024_2026
2025-12-08T00:00:00+00:00,1.306618,0.75,622.0080,678.0128,forward_2024_2026
2025-12-09T00:00:00+00:00,1.307826,0.75,622.7751,677.4276,forward_2024_2026
2025-12-10T00:00:00+00:00,1.311844,0.75,625.3259,681.9204,forward_2024_2026
2025-12-11T00:00:00+00:00,1.308661,0.75,623.3033,683.5073,forward_2024_2026
2025-12-12T00:00:00+00:00,1.289897,0.75,611.3868,676.1581,forward_2024_2026
2025-12-15T00:00:00+00:00,1.285041,0.75,608.3180,675.1365,forward_2024_2026
2025-12-16T00:00:00+00:00,1.286951,0.75,609.5236,673.2919,forward_2024_2026
2025-12-17T00:00:00+00:00,1.269059,0.75,598.2249,665.8832,forward_2024_2026
2025-12-18T00:00:00+00:00,1.282850,0.75,606.8932,670.9115,forward_2024_2026
2025-12-19T00:00:00+00:00,1.295392,0.75,614.8043,676.9923,forward_2024_2026
2025-12-22T00:00:00+00:00,1.300049,0.75,617.7513,681.2098,forward_2024_2026
2025-12-23T00:00:00+00:00,1.304616,0.75,620.6445,684.3233,forward_2024_2026
2025-12-24T00:00:00+00:00,1.307478,0.75,622.4603,686.7305,forward_2024_2026
2025-12-26T00:00:00+00:00,1.307415,0.75,622.4203,686.6609,forward_2024_2026
2025-12-29T00:00:00+00:00,1.302669,0.75,619.4074,684.2139,forward_2024_2026
2025-12-30T00:00:00+00:00,1.300403,0.75,617.9708,683.3783,forward_2024_2026
2025-12-31T00:00:00+00:00,1.292341,0.75,612.8629,678.3152,forward_2024_2026
2026-01-02T00:00:00+00:00,1.292018,1.00,611.6757,679.5586,forward_2024_2026
2026-01-05T00:00:00+00:00,1.302281,1.00,616.5342,684.0846,forward_2024_2026
2026-01-06T00:00:00+00:00,1.313723,1.00,621.9514,688.1530,forward_2024_2026
2026-01-07T00:00:00+00:00,1.314988,1.00,622.5500,685.9348,forward_2024_2026
2026-01-08T00:00:00+00:00,1.307507,1.00,619.0084,685.8651,forward_2024_2026
2026-01-09T00:00:00+00:00,1.320530,1.00,625.1738,690.4010,forward_2024_2026
2026-01-12T00:00:00+00:00,1.321626,1.00,625.6926,691.4852,forward_2024_2026
2026-01-13T00:00:00+00:00,1.319666,1.00,624.7648,690.1026,forward_2024_2026
2026-01-14T00:00:00+00:00,1.305568,1.00,618.0905,686.7106,forward_2024_2026
2026-01-15T00:00:00+00:00,1.310267,1.00,620.3153,688.5807,forward_2024_2026
2026-01-16T00:00:00+00:00,1.309172,1.00,619.7965,688.0037,forward_2024_2026
2026-01-20T00:00:00+00:00,1.281355,1.00,606.6276,673.9982,forward_2024_2026
2026-01-21T00:00:00+00:00,1.298677,1.00,614.8282,681.7769,forward_2024_2026
2026-01-22T00:00:00+00:00,1.308118,1.00,619.2977,685.3380,forward_2024_2026
2026-01-23T00:00:00+00:00,1.312248,1.00,621.2531,685.5865,forward_2024_2026
2026-01-26T00:00:00+00:00,1.318022,1.00,623.9866,689.0681,forward_2024_2026
2026-01-27T00:00:00+00:00,1.329970,1.00,629.6432,691.8135,forward_2024_2026
2026-01-28T00:00:00+00:00,1.334375,1.00,631.7283,691.7438,forward_2024_2026
2026-01-29T00:00:00+00:00,1.326388,1.00,627.9473,690.3712,forward_2024_2026
2026-01-30T00:00:00+00:00,1.310457,1.00,620.4051,688.3121,forward_2024_2026
2026-02-02T00:00:00+00:00,1.310457,1.00,624.6650,691.7339,forward_2024_2026
2026-02-03T00:00:00+00:00,1.290323,1.00,615.0677,685.8850,forward_2024_2026
2026-02-04T00:00:00+00:00,1.267783,1.00,604.3231,682.5627,forward_2024_2026
2026-02-05T00:00:00+00:00,1.249532,1.00,595.6237,674.0380,forward_2024_2026
2026-02-06T00:00:00+00:00,1.275945,1.00,608.2139,686.9692,forward_2024_2026
2026-02-09T00:00:00+00:00,1.285719,1.00,612.8729,690.2816,forward_2024_2026
2026-02-10T00:00:00+00:00,1.279754,1.00,610.0295,688.4613,forward_2024_2026
2026-02-11T00:00:00+00:00,1.283186,1.00,611.6657,688.3022,forward_2024_2026
2026-02-12T00:00:00+00:00,1.257088,1.00,599.2251,677.6687,forward_2024_2026
2026-02-13T00:00:00+00:00,1.259767,1.00,600.5021,678.1461,forward_2024_2026
2026-02-17T00:00:00+00:00,1.258469,1.00,599.8835,679.2403,forward_2024_2026
2026-02-18T00:00:00+00:00,1.267866,1.00,604.3629,682.6621,forward_2024_2026
2026-02-19T00:00:00+00:00,1.263011,1.00,602.0484,680.8617,forward_2024_2026
2026-02-20T00:00:00+00:00,1.274187,1.00,607.3759,685.7856,forward_2024_2026
2026-02-23T00:00:00+00:00,1.258699,1.00,599.9932,678.7828,forward_2024_2026
2026-02-24T00:00:00+00:00,1.272219,1.00,606.4380,683.7165,forward_2024_2026
2026-02-25T00:00:00+00:00,1.290658,1.00,615.2273,689.4859,forward_2024_2026
2026-02-26T00:00:00+00:00,1.275087,1.00,607.8048,685.6562,forward_2024_2026
2026-02-27T00:00:00+00:00,1.271005,1.00,605.8594,682.3637,forward_2024_2026
2026-03-02T00:00:00+00:00,1.269734,0.00,606.6575,682.7516,forward_2024_2026
2026-03-03T00:00:00+00:00,1.269734,0.00,600.1629,676.7337,forward_2024_2026
2026-03-04T00:00:00+00:00,1.269734,0.00,609.3113,681.5083,forward_2024_2026
2026-03-05T00:00:00+00:00,1.269734,0.00,607.4755,677.7084,forward_2024_2026
2026-03-06T00:00:00+00:00,1.269734,0.00,598.3372,668.8256,forward_2024_2026
2026-03-09T00:00:00+00:00,1.269734,0.00,606.3283,674.6845,forward_2024_2026
2026-03-10T00:00:00+00:00,1.269734,0.00,606.3383,673.6003,forward_2024_2026
2026-03-11T00:00:00+00:00,1.269734,0.00,606.2585,672.7548,forward_2024_2026
2026-03-12T00:00:00+00:00,1.269734,0.00,595.8531,662.5391,forward_2024_2026
2026-03-13T00:00:00+00:00,1.269734,0.00,592.3214,658.7890,forward_2024_2026
2026-03-16T00:00:00+00:00,1.269734,0.00,598.9657,665.4934,forward_2024_2026
2026-03-17T00:00:00+00:00,1.269734,0.00,601.8888,667.2440,forward_2024_2026
2026-03-18T00:00:00+00:00,1.269734,0.00,593.4987,657.9335,forward_2024_2026
2026-03-19T00:00:00+00:00,1.269734,0.00,591.6230,656.3121,forward_2024_2026
2026-03-20T00:00:00+00:00,1.269734,0.00,580.6888,646.9034,forward_2024_2026
2026-03-23T00:00:00+00:00,1.269734,0.00,587.3546,653.6959,forward_2024_2026
2026-03-24T00:00:00+00:00,1.269734,0.00,583.3389,651.5016,forward_2024_2026
2026-03-25T00:00:00+00:00,1.269734,0.00,587.1747,655.1322,forward_2024_2026
2026-03-26T00:00:00+00:00,1.269734,0.00,573.1601,643.4324,forward_2024_2026
2026-03-27T00:00:00+00:00,1.269734,0.00,561.9625,632.4606,forward_2024_2026
2026-03-30T00:00:00+00:00,1.269734,0.00,557.6672,630.3461,forward_2024_2026
2026-03-31T00:00:00+00:00,1.269734,0.00,576.5464,648.6689,forward_2024_2026
2026-04-01T00:00:00+00:00,1.268465,1.00,583.6686,653.5563,forward_2024_2026
2026-04-02T00:00:00+00:00,1.269919,1.00,584.3378,654.1448,forward_2024_2026
2026-04-06T00:00:00+00:00,1.277561,1.00,587.8540,657.2368,forward_2024_2026
2026-04-07T00:00:00+00:00,1.277756,1.00,587.9439,657.5260,forward_2024_2026
2026-04-08T00:00:00+00:00,1.315746,1.00,605.4247,674.2729,forward_2024_2026
2026-04-09T00:00:00+00:00,1.324647,1.00,609.5202,678.1628,forward_2024_2026
2026-04-10T00:00:00+00:00,1.326557,1.00,610.3992,677.7141,forward_2024_2026
2026-04-13T00:00:00+00:00,1.340277,1.00,616.7123,684.3370,forward_2024_2026
2026-04-14T00:00:00+00:00,1.364613,1.00,627.9099,692.6755,forward_2024_2026
2026-04-15T00:00:00+00:00,1.383717,1.00,636.7003,698.1414,forward_2024_2026
2026-04-16T00:00:00+00:00,1.390381,1.00,639.7669,699.8570,forward_2024_2026
2026-04-17T00:00:00+00:00,1.408573,1.00,648.1377,708.3152,forward_2024_2026
2026-04-20T00:00:00+00:00,1.404101,1.00,646.0800,706.8988,forward_2024_2026
2026-04-21T00:00:00+00:00,1.398761,1.00,643.6227,702.2708,forward_2024_2026
2026-04-22T00:00:00+00:00,1.422163,1.00,654.3909,709.3825,forward_2024_2026
2026-04-23T00:00:00+00:00,1.414152,1.00,650.7049,706.6296,forward_2024_2026
2026-04-24T00:00:00+00:00,1.441201,1.00,663.1512,712.1055,forward_2024_2026
2026-04-27T00:00:00+00:00,1.441961,1.00,663.5009,713.3323,forward_2024_2026
2026-04-28T00:00:00+00:00,1.427460,1.00,656.8282,709.8612,forward_2024_2026
2026-04-29T00:00:00+00:00,1.436187,1.00,660.8438,709.7515,forward_2024_2026
2026-04-30T00:00:00+00:00,1.449581,1.00,667.0070,716.8133,forward_2024_2026
2026-05-01T00:00:00+00:00,1.449581,1.00,673.4100,718.7982,forward_2024_2026
2026-05-04T00:00:00+00:00,1.446850,1.00,672.1414,716.1650,forward_2024_2026
2026-05-05T00:00:00+00:00,1.465622,1.00,680.8618,721.9102,forward_2024_2026
2026-05-06T00:00:00+00:00,1.496069,1.00,695.0062,731.9443,forward_2024_2026
2026-05-07T00:00:00+00:00,1.494284,1.00,694.1771,729.7001,forward_2024_2026
2026-05-08T00:00:00+00:00,1.529311,1.00,710.4492,735.7246,forward_2024_2026
2026-05-11T00:00:00+00:00,1.533741,1.00,712.5070,737.4003,forward_2024_2026
2026-05-12T00:00:00+00:00,1.520732,1.00,706.4636,736.2831,forward_2024_2026
2026-05-13T00:00:00+00:00,1.536794,1.00,713.9255,740.4025,forward_2024_2026
2026-05-14T00:00:00+00:00,1.547717,1.00,718.9998,746.2475,forward_2024_2026
2026-05-15T00:00:00+00:00,1.524366,1.00,708.1518,737.2706,forward_2024_2026
2026-05-18T00:00:00+00:00,1.517808,1.00,705.1051,736.7520,forward_2024_2026
2026-05-19T00:00:00+00:00,1.508454,1.00,700.7599,731.8446,forward_2024_2026
2026-05-20T00:00:00+00:00,1.533440,1.00,712.3672,739.3453,forward_2024_2026
2026-05-21T00:00:00+00:00,1.536364,1.00,713.7256,740.8115,forward_2024_2026
2026-05-22T00:00:00+00:00,1.542880,1.00,716.7523,743.7240,forward_2024_2026
2026-05-26T00:00:00+00:00,1.570274,1.00,729.4784,748.6613,forward_2024_2026
2026-05-27T00:00:00+00:00,1.568489,1.00,728.6493,748.5316,forward_2024_2026
2026-05-28T00:00:00+00:00,1.581713,1.00,734.7925,752.6609,forward_2024_2026
2026-05-29T00:00:00+00:00,1.587540,1.00,737.4995,754.5361,forward_2024_2026
2026-06-01T00:00:00+00:00,1.587540,1.00,741.9247,756.5908,forward_2024_2026
2026-06-02T00:00:00+00:00,1.594850,1.00,745.3409,757.6182,forward_2024_2026
2026-06-03T00:00:00+00:00,1.590682,1.00,743.3931,752.3019,forward_2024_2026
2026-06-04T00:00:00+00:00,1.582987,1.00,739.7970,755.1446,forward_2024_2026
2026-06-05T00:00:00+00:00,1.507002,1.00,704.2860,735.6548,forward_2024_2026
2026-06-08T00:00:00+00:00,1.530535,1.00,715.2839,737.3204,forward_2024_2026
2026-06-09T00:00:00+00:00,1.512923,1.00,707.0530,735.1561,forward_2024_2026
2026-06-10T00:00:00+00:00,1.482700,1.00,692.9285,723.5659,forward_2024_2026
2026-06-11T00:00:00+00:00,1.532779,1.00,716.3328,735.8643,forward_2024_2026
2026-06-12T00:00:00+00:00,1.541799,1.00,720.5482,739.8440,forward_2024_2026
2026-06-15T00:00:00+00:00,1.590233,1.00,743.1833,752.8904,forward_2024_2026
2026-06-16T00:00:00+00:00,1.560010,1.00,729.0588,748.4020,forward_2024_2026
2026-06-17T00:00:00+00:00,1.544300,1.00,721.7169,739.0560,forward_2024_2026
2026-06-18T00:00:00+00:00,1.583009,1.00,739.8070,746.7400,forward_2024_2026
2026-06-22T00:00:00+00:00,1.579035,1.00,737.9500,744.3900,forward_2024_2026
2026-06-23T00:00:00+00:00,1.527039,1.00,713.6500,733.5800,forward_2024_2026
2026-06-24T00:00:00+00:00,1.520555,1.00,710.6200,733.2400,forward_2024_2026
2026-06-25T00:00:00+00:00,1.532880,1.00,716.3800,734.3000,forward_2024_2026
2026-06-26T00:00:00+00:00,1.511782,1.00,706.5200,728.9900,forward_2024_2026
2026-06-29T00:00:00+00:00,1.549357,1.00,724.0800,741.0000,forward_2024_2026
2026-06-30T00:00:00+00:00,1.575718,1.00,736.4000,746.7700,forward_2024_2026
2026-07-01T00:00:00+00:00,1.575325,0.75,725.1700,745.7600,forward_2024_2026
2026-07-02T00:00:00+00:00,1.554845,0.75,712.6000,744.7800,forward_2024_2026
2026-07-06T00:00:00+00:00,1.571569,0.75,722.8200,751.2800,forward_2024_2026
2026-07-07T00:00:00+00:00,1.549735,0.75,709.4300,747.7100,forward_2024_2026
2026-07-08T00:00:00+00:00,1.553028,0.75,711.4400,745.4000,forward_2024_2026
2026-07-09T00:00:00+00:00,1.572412,0.75,723.2800,751.7100,forward_2024_2026
2026-07-10T00:00:00+00:00,1.576048,0.75,725.5100,754.9500,forward_2024_2026
2026-07-13T00:00:00+00:00,1.553613,0.75,711.7400,749.1700,forward_2024_2026
2026-07-14T00:00:00+00:00,1.566629,0.75,719.6900,751.8300,forward_2024_2026
2026-07-15T00:00:00+00:00,1.563445,0.75,717.7400,754.8100,forward_2024_2026
2026-07-16T00:00:00+00:00,1.544167,0.75,705.9400,750.7200,forward_2024_2026
2026-07-17T00:00:00+00:00,1.526761,0.75,695.3300,743.2900,forward_2024_2026
2026-07-20T00:00:00+00:00,1.527963,0.75,696.0600,742.0900,forward_2024_2026
2026-07-21T00:00:00+00:00,1.549218,0.75,708.9700,748.2800,forward_2024_2026
2026-07-22T00:00:00+00:00,1.543285,0.75,705.3500,747.4100,forward_2024_2026
2026-07-23T00:00:00+00:00,1.521312,0.75,691.9600,738.1800,forward_2024_2026
2026-07-24T00:00:00+00:00,1.508566,0.75,684.2300,738.9300,forward_2024_2026
2026-07-27T00:00:00+00:00,1.505077,0.75,682.1200,739.0900,forward_2024_2026
2026-07-28T00:00:00+00:00,1.494106,0.75,675.4900,740.8600,forward_2024_2026
2026-07-29T00:00:00+00:00,1.471279,0.75,661.7300,729.4600,forward_2024_2026
2026-07-30T00:00:00+00:00,1.507665,0.75,683.5500,741.6900,forward_2024_2026
2026-07-31T00:00:00+00:00,1.515009,0.75,687.9900,747.0300,forward_2024_2026
2026-08-03T00:00:00+00:00,1.515009,0.75,700.0700,757.6700,forward_2024_2026
2026-08-04T00:00:00+00:00,1.553606,0.75,723.8500,771.3300,forward_2024_2026
2026-08-05T00:00:00+00:00,1.543062,0.75,717.3000,769.7900,forward_2024_2026
2026-08-06T00:00:00+00:00,1.538786,0.75,714.6500,768.5600,forward_2024_2026
2026-08-07T00:00:00+00:00,1.552319,0.75,723.0300,773.2600,forward_2024_2026
2026-08-10T00:00:00+00:00,1.548841,0.75,720.8700,773.0300,forward_2024_2026
2026-08-11T00:00:00+00:00,1.544942,0.75,718.4500,770.5600,forward_2024_2026
2026-08-12T00:00:00+00:00,1.553409,0.75,723.7000,772.4900,forward_2024_2026
2026-08-13T00:00:00+00:00,1.566883,0.75,732.0700,777.8800,forward_2024_2026
2026-08-14T00:00:00+00:00,1.565278,0.75,731.0700,776.3400,forward_2024_2026
2026-08-17T00:00:00+00:00,1.563351,0.75,729.8700,772.6700,forward_2024_2026
2026-08-18T00:00:00+00:00,1.543495,0.75,717.5100,767.4500,forward_2024_2026
2026-08-19T00:00:00+00:00,1.541188,0.75,716.0800,769.0600,forward_2024_2026
2026-08-20T00:00:00+00:00,1.532875,0.75,710.9300,762.6000,forward_2024_2026
2026-08-21T00:00:00+00:00,1.536934,0.75,713.4400,765.7200,forward_2024_2026
