date,equity,exposure,active_stocks,qqq_close,spy_close,is_exec_day,window
2022-02-01T00:00:00+00:00,0.983080,0.00,0.0,355.5801,426.1893,0,bear_2022
2022-02-02T00:00:00+00:00,0.983080,0.00,0.0,358.4693,430.3294,0,bear_2022
2022-02-03T00:00:00+00:00,0.983080,0.00,0.0,343.9356,420.2145,0,bear_2022
2022-02-04T00:00:00+00:00,0.983080,0.00,0.0,348.2744,422.1903,0,bear_2022
2022-02-07T00:00:00+00:00,0.983080,0.00,0.0,345.4727,420.8355,0,bear_2022
2022-02-08T00:00:00+00:00,0.983080,0.00,0.0,349.3542,424.2980,0,bear_2022
2022-02-09T00:00:00+00:00,0.983080,0.00,0.0,356.7572,430.5081,0,bear_2022
2022-02-10T00:00:00+00:00,0.983080,0.00,0.0,348.6829,422.7738,0,bear_2022
2022-02-11T00:00:00+00:00,0.983080,0.00,0.0,337.6221,414.4372,0,bear_2022
2022-02-14T00:00:00+00:00,0.983080,0.00,0.0,338.0404,413.0823,0,bear_2022
2022-02-15T00:00:00+00:00,0.983080,0.00,0.0,346.4455,419.7440,0,bear_2022
2022-02-16T00:00:00+00:00,0.983080,0.00,0.0,346.3579,420.2145,0,bear_2022
2022-02-17T00:00:00+00:00,0.983080,0.00,0.0,336.0560,411.2381,0,bear_2022
2022-02-18T00:00:00+00:00,0.983080,0.00,0.0,332.2231,408.5753,0,bear_2022
2022-02-22T00:00:00+00:00,0.983080,0.00,0.0,328.8863,404.1906,0,bear_2022
2022-02-23T00:00:00+00:00,0.983080,0.00,0.0,320.4619,397.0208,0,bear_2022
2022-02-24T00:00:00+00:00,0.983080,0.00,0.0,331.2308,402.9957,0,bear_2022
2022-02-25T00:00:00+00:00,0.983080,0.00,0.0,336.3672,411.8874,0,bear_2022
2022-02-28T00:00:00+00:00,0.983080,0.00,0.0,337.3692,410.8335,0,bear_2022
2022-03-01T00:00:00+00:00,0.972811,0.00,0.0,332.2036,404.5764,0,bear_2022
2022-03-02T00:00:00+00:00,0.972811,0.00,0.0,337.7777,412.0191,0,bear_2022
2022-03-03T00:00:00+00:00,0.972811,0.00,0.0,332.9526,409.9679,0,bear_2022
2022-03-04T00:00:00+00:00,0.972811,0.00,0.0,328.1275,406.6371,0,bear_2022
2022-03-07T00:00:00+00:00,0.972811,0.00,0.0,316.0258,394.6497,0,bear_2022
2022-03-08T00:00:00+00:00,0.972811,0.00,0.0,314.5569,391.6575,0,bear_2022
2022-03-09T00:00:00+00:00,0.972811,0.00,0.0,325.8804,402.1582,0,bear_2022
2022-03-10T00:00:00+00:00,0.972811,0.00,0.0,322.2615,400.3423,0,bear_2022
2022-03-11T00:00:00+00:00,0.972811,0.00,0.0,315.5783,395.2519,0,bear_2022
2022-03-14T00:00:00+00:00,0.972811,0.00,0.0,309.5176,392.3633,0,bear_2022
2022-03-15T00:00:00+00:00,0.972811,0.00,0.0,319.2263,400.9915,0,bear_2022
2022-03-16T00:00:00+00:00,0.972811,0.00,0.0,331.0655,409.8832,0,bear_2022
2022-03-17T00:00:00+00:00,0.972811,0.00,0.0,335.0734,415.0111,0,bear_2022
2022-03-18T00:00:00+00:00,0.972811,0.00,0.0,341.9316,419.5567,0,bear_2022
2022-03-21T00:00:00+00:00,0.972811,0.00,0.0,340.9810,419.4340,0,bear_2022
2022-03-22T00:00:00+00:00,0.972811,0.00,0.0,347.6823,424.3420,0,bear_2022
2022-03-23T00:00:00+00:00,0.972811,0.00,0.0,342.6855,418.8771,0,bear_2022
2022-03-24T00:00:00+00:00,0.972811,0.00,0.0,350.3023,425.1914,0,bear_2022
2022-03-25T00:00:00+00:00,0.972811,0.00,0.0,350.0102,427.2679,0,bear_2022
2022-03-28T00:00:00+00:00,0.972811,0.00,0.0,355.4256,430.3071,0,bear_2022
2022-03-29T00:00:00+00:00,0.972811,0.00,0.0,361.5423,435.6303,0,bear_2022
2022-03-30T00:00:00+00:00,0.972811,0.00,0.0,357.5489,432.9404,0,bear_2022
2022-03-31T00:00:00+00:00,0.972811,0.00,0.0,353.1172,426.2769,0,bear_2022
2022-04-01T00:00:00+00:00,0.963781,0.00,0.0,352.4451,427.4850,0,bear_2022
2022-04-04T00:00:00+00:00,0.963781,0.00,0.0,359.7014,431.1471,0,bear_2022
2022-04-05T00:00:00+00:00,0.963781,0.00,0.0,351.7147,425.7011,0,bear_2022
2022-04-06T00:00:00+00:00,0.963781,0.00,0.0,344.0783,421.4444,0,bear_2022
2022-04-07T00:00:00+00:00,0.963781,0.00,0.0,344.8965,423.5680,0,bear_2022
2022-04-08T00:00:00+00:00,0.963781,0.00,0.0,340.0752,422.4355,0,bear_2022
2022-04-11T00:00:00+00:00,0.963781,0.00,0.0,332.0299,415.2151,0,bear_2022
2022-04-12T00:00:00+00:00,0.963781,0.00,0.0,330.6273,413.6766,0,bear_2022
2022-04-13T00:00:00+00:00,0.963781,0.00,0.0,337.3480,418.4146,0,bear_2022
2022-04-14T00:00:00+00:00,0.963781,0.00,0.0,329.6338,413.2047,0,bear_2022
2022-04-18T00:00:00+00:00,0.963781,0.00,0.0,329.8871,413.3745,0,bear_2022
2022-04-19T00:00:00+00:00,0.963781,0.00,0.0,337.2603,420.0475,0,bear_2022
2022-04-20T00:00:00+00:00,0.963781,0.00,0.0,332.3416,419.7361,0,bear_2022
2022-04-21T00:00:00+00:00,0.963781,0.00,0.0,325.4651,413.4596,0,bear_2022
2022-04-22T00:00:00+00:00,0.963781,0.00,0.0,316.9425,402.1145,0,bear_2022
2022-04-25T00:00:00+00:00,0.963781,0.00,0.0,321.0138,404.4458,0,bear_2022
2022-04-26T00:00:00+00:00,0.963781,0.00,0.0,308.8972,392.7328,0,bear_2022
2022-04-27T00:00:00+00:00,0.963781,0.00,0.0,308.5270,393.8369,0,bear_2022
2022-04-28T00:00:00+00:00,0.963781,0.00,0.0,319.4846,403.7851,0,bear_2022
2022-04-29T00:00:00+00:00,0.963781,0.00,0.0,305.1083,388.8630,0,bear_2022
2022-05-02T00:00:00+00:00,0.952488,0.00,0.0,310.2024,391.2038,0,bear_2022
2022-05-03T00:00:00+00:00,0.952488,0.00,0.0,310.5335,392.9970,0,bear_2022
2022-05-04T00:00:00+00:00,0.952488,0.00,0.0,321.0333,404.9649,0,bear_2022
2022-05-05T00:00:00+00:00,0.952488,0.00,0.0,304.8647,390.5714,0,bear_2022
2022-05-06T00:00:00+00:00,0.952488,0.00,0.0,301.2122,388.2401,0,bear_2022
2022-05-09T00:00:00+00:00,0.952488,0.00,0.0,289.4268,375.8097,0,bear_2022
2022-05-10T00:00:00+00:00,0.952488,0.00,0.0,292.9429,376.6780,0,bear_2022
2022-05-11T00:00:00+00:00,0.952488,0.00,0.0,284.2548,370.6941,0,bear_2022
2022-05-12T00:00:00+00:00,0.952488,0.00,0.0,283.5827,370.3070,0,bear_2022
2022-05-13T00:00:00+00:00,0.952488,0.00,0.0,294.0923,379.1603,0,bear_2022
2022-05-16T00:00:00+00:00,0.952488,0.00,0.0,290.6832,377.6218,0,bear_2022
2022-05-17T00:00:00+00:00,0.952488,0.00,0.0,298.2123,385.3896,0,bear_2022
2022-05-18T00:00:00+00:00,0.952488,0.00,0.0,283.5729,369.8540,0,bear_2022
2022-05-19T00:00:00+00:00,0.952488,0.00,0.0,282.0535,367.5887,0,bear_2022
2022-05-20T00:00:00+00:00,0.952488,0.00,0.0,281.1768,367.7493,0,bear_2022
2022-05-23T00:00:00+00:00,0.952488,0.00,0.0,285.8521,374.6299,0,bear_2022
2022-05-24T00:00:00+00:00,0.952488,0.00,0.0,279.7743,371.7700,0,bear_2022
2022-05-25T00:00:00+00:00,0.952488,0.00,0.0,283.6898,375.0545,0,bear_2022
2022-05-26T00:00:00+00:00,0.952488,0.00,0.0,291.5501,382.5487,0,bear_2022
2022-05-27T00:00:00+00:00,0.952488,0.00,0.0,301.0661,391.9400,0,bear_2022
2022-05-31T00:00:00+00:00,0.952488,0.00,0.0,300.2675,389.7407,0,bear_2022
2022-06-01T00:00:00+00:00,0.940853,0.00,0.0,298.0467,386.5883,0,bear_2022
2022-06-02T00:00:00+00:00,0.940853,0.00,0.0,306.2089,393.9503,0,bear_2022
2022-06-03T00:00:00+00:00,0.940853,0.00,0.0,298.2415,387.4850,0,bear_2022
2022-06-06T00:00:00+00:00,0.940853,0.00,0.0,299.2350,388.6648,0,bear_2022
2022-06-07T00:00:00+00:00,0.940853,0.00,0.0,301.8161,392.3929,0,bear_2022
2022-06-08T00:00:00+00:00,0.940853,0.00,0.0,299.6442,388.1268,0,bear_2022
2022-06-09T00:00:00+00:00,0.940853,0.00,0.0,291.6182,378.8960,0,bear_2022
2022-06-10T00:00:00+00:00,0.940853,0.00,0.0,281.3327,367.9097,0,bear_2022
2022-06-13T00:00:00+00:00,0.940853,0.00,0.0,268.2517,353.9409,0,bear_2022
2022-06-14T00:00:00+00:00,0.940853,0.00,0.0,268.7388,352.8743,0,bear_2022
2022-06-15T00:00:00+00:00,0.940853,0.00,0.0,275.4497,357.9050,0,bear_2022
2022-06-16T00:00:00+00:00,0.940853,0.00,0.0,264.3363,346.0597,0,bear_2022
2022-06-17T00:00:00+00:00,0.940853,0.00,0.0,267.5504,346.8057,0,bear_2022
2022-06-21T00:00:00+00:00,0.940853,0.00,0.0,274.3007,355.5360,0,bear_2022
2022-06-22T00:00:00+00:00,0.940853,0.00,0.0,273.9005,354.8915,0,bear_2022
2022-06-23T00:00:00+00:00,0.940853,0.00,0.0,277.9797,358.3704,0,bear_2022
2022-06-24T00:00:00+00:00,0.940853,0.00,0.0,287.5043,369.7643,0,bear_2022
2022-06-27T00:00:00+00:00,0.940853,0.00,0.0,285.3965,368.3520,0,bear_2022
2022-06-28T00:00:00+00:00,0.940853,0.00,0.0,276.7013,360.8254,0,bear_2022
2022-06-29T00:00:00+00:00,0.940853,0.00,0.0,276.9550,360.5316,0,bear_2022
2022-06-30T00:00:00+00:00,0.940853,0.00,0.0,273.5199,357.6026,0,bear_2022
2022-07-01T00:00:00+00:00,0.940853,0.25,0.0,275.3253,361.3847,0,bear_2022
2022-07-05T00:00:00+00:00,0.948245,0.25,0.0,280.0388,362.0673,0,bear_2022
2022-07-06T00:00:00+00:00,0.932323,0.25,0.0,281.8345,363.2901,0,bear_2022
2022-07-07T00:00:00+00:00,0.924119,0.25,0.0,287.8654,368.7311,0,bear_2022
2022-07-08T00:00:00+00:00,0.913883,0.25,0.0,288.2265,368.4278,0,bear_2022
2022-07-11T00:00:00+00:00,0.929643,0.25,0.0,282.0687,364.2191,0,bear_2022
2022-07-12T00:00:00+00:00,0.935167,0.25,0.0,279.3362,360.9961,0,bear_2022
2022-07-13T00:00:00+00:00,0.945889,0.25,0.0,278.7604,359.1002,0,bear_2022
2022-07-14T00:00:00+00:00,0.938172,0.25,0.0,279.7559,358.2282,0,bear_2022
2022-07-15T00:00:00+00:00,0.943452,0.25,0.0,284.8304,365.0721,0,bear_2022
2022-07-18T00:00:00+00:00,0.933623,0.25,0.0,282.4200,362.0578,0,bear_2022
2022-07-19T00:00:00+00:00,0.928587,0.25,0.0,291.1053,371.8403,0,bear_2022
2022-07-20T00:00:00+00:00,0.931024,0.25,0.0,295.7213,374.2100,0,bear_2022
2022-07-21T00:00:00+00:00,0.947108,0.25,0.0,299.9663,378.0208,0,bear_2022
2022-07-22T00:00:00+00:00,0.963030,0.25,0.0,294.7063,374.5135,0,bear_2022
2022-07-25T00:00:00+00:00,0.953607,0.25,0.0,293.0278,374.9685,0,bear_2022
2022-07-26T00:00:00+00:00,0.954338,0.25,0.0,287.2701,370.5322,0,bear_2022
2022-07-27T00:00:00+00:00,0.948976,0.25,0.0,299.4101,380.1536,0,bear_2022
2022-07-28T00:00:00+00:00,0.956531,0.25,0.0,302.3377,384.9216,0,bear_2022
2022-07-29T00:00:00+00:00,0.953932,0.25,0.0,307.8514,390.5333,0,bear_2022
2022-08-01T00:00:00+00:00,0.951595,0.25,0.0,307.6660,389.3768,0,bear_2022
2022-08-02T00:00:00+00:00,0.931460,0.25,0.0,306.7487,386.8079,0,bear_2022
2022-08-03T00:00:00+00:00,0.946125,0.25,0.0,315.1023,392.8651,0,bear_2022
2022-08-04T00:00:00+00:00,0.945808,0.25,0.0,316.5759,392.5998,0,bear_2022
2022-08-05T00:00:00+00:00,0.923295,0.25,0.0,313.9897,391.9362,0,bear_2022
2022-08-08T00:00:00+00:00,0.938198,0.25,0.0,312.9749,391.4812,0,bear_2022
2022-08-09T00:00:00+00:00,0.934552,0.25,0.0,309.4324,389.9267,0,bear_2022
2022-08-10T00:00:00+00:00,0.928447,0.25,0.0,318.0690,398.1166,0,bear_2022
2022-08-11T00:00:00+00:00,0.906806,0.25,0.0,316.2635,398.1166,0,bear_2022
2022-08-12T00:00:00+00:00,0.916002,0.25,0.0,322.4214,404.8563,0,bear_2022
2022-08-15T00:00:00+00:00,0.915209,0.25,0.0,325.0269,406.5247,0,bear_2022
2022-08-16T00:00:00+00:00,0.919014,0.25,0.0,324.2658,407.3209,0,bear_2022
2022-08-17T00:00:00+00:00,0.909422,0.25,0.0,320.5672,404.4297,0,bear_2022
2022-08-18T00:00:00+00:00,0.910770,0.25,0.0,321.3382,405.6052,0,bear_2022
2022-08-19T00:00:00+00:00,0.896104,0.25,0.0,315.0730,400.1547,0,bear_2022
2022-08-22T00:00:00+00:00,0.893092,0.25,0.0,306.7780,391.8224,0,bear_2022
2022-08-23T00:00:00+00:00,0.888177,0.25,0.0,306.5242,390.8745,0,bear_2022
2022-08-24T00:00:00+00:00,0.881677,0.25,0.0,307.4124,392.1258,0,bear_2022
2022-08-25T00:00:00+00:00,0.893964,0.25,0.0,312.8479,397.6616,0,bear_2022
2022-08-26T00:00:00+00:00,0.900702,0.25,0.0,300.0249,384.2011,0,bear_2022
2022-08-29T00:00:00+00:00,0.893250,0.25,0.0,297.0679,381.6607,0,bear_2022
2022-08-30T00:00:00+00:00,0.895470,0.25,0.0,293.7597,377.4709,0,bear_2022
2022-08-31T00:00:00+00:00,0.886909,0.25,0.0,292.0519,374.5988,0,bear_2022
2022-09-01T00:00:00+00:00,0.878185,0.00,0.0,292.1789,375.7742,0,bear_2022
2022-09-02T00:00:00+00:00,0.878185,0.00,0.0,288.0508,371.8119,0,bear_2022
2022-09-06T00:00:00+00:00,0.878185,0.00,0.0,285.9819,370.4089,0,bear_2022
2022-09-07T00:00:00+00:00,0.878185,0.00,0.0,291.7592,377.0634,0,bear_2022
2022-09-08T00:00:00+00:00,0.878185,0.00,0.0,293.2718,379.5279,0,bear_2022
2022-09-09T00:00:00+00:00,0.878185,0.00,0.0,299.6833,385.4240,0,bear_2022
2022-09-12T00:00:00+00:00,0.878185,0.00,0.0,303.2454,389.5664,0,bear_2022
2022-09-13T00:00:00+00:00,0.878185,0.00,0.0,286.6163,372.6271,0,bear_2022
2022-09-14T00:00:00+00:00,0.878185,0.00,0.0,288.8900,374.0490,0,bear_2022
2022-09-15T00:00:00+00:00,0.878185,0.00,0.0,284.0790,369.8023,0,bear_2022
2022-09-16T00:00:00+00:00,0.878185,0.00,0.0,282.3420,366.9811,0,bear_2022
2022-09-19T00:00:00+00:00,0.878185,0.00,0.0,284.5406,369.8269,0,bear_2022
2022-09-20T00:00:00+00:00,0.878185,0.00,0.0,282.2725,365.5819,0,bear_2022
2022-09-21T00:00:00+00:00,0.878185,0.00,0.0,277.2180,359.2047,0,bear_2022
2022-09-22T00:00:00+00:00,0.878185,0.00,0.0,273.8062,356.1875,0,bear_2022
2022-09-23T00:00:00+00:00,0.878185,0.00,0.0,269.3482,350.2196,0,bear_2022
2022-09-26T00:00:00+00:00,0.878185,0.00,0.0,268.2336,346.7551,0,bear_2022
2022-09-27T00:00:00+00:00,0.878185,0.00,0.0,268.3413,345.8699,0,bear_2022
2022-09-28T00:00:00+00:00,0.878185,0.00,0.0,273.6791,352.6754,0,bear_2022
2022-09-29T00:00:00+00:00,0.878185,0.00,0.0,265.7896,345.3083,0,bear_2022
2022-09-30T00:00:00+00:00,0.878185,0.00,0.0,261.2827,339.9686,0,bear_2022
2022-10-03T00:00:00+00:00,0.868998,0.00,0.0,267.4124,348.9442,0,bear_2022
2022-10-04T00:00:00+00:00,0.868998,0.00,0.0,275.8202,359.7569,0,bear_2022
2022-10-05T00:00:00+00:00,0.868998,0.00,0.0,275.6735,358.9193,0,bear_2022
2022-10-06T00:00:00+00:00,0.868998,0.00,0.0,273.5032,355.2167,0,bear_2022
2022-10-07T00:00:00+00:00,0.868998,0.00,0.0,263.0815,345.3083,0,bear_2022
2022-10-10T00:00:00+00:00,0.868998,0.00,0.0,260.4517,342.6718,0,bear_2022
2022-10-11T00:00:00+00:00,0.868998,0.00,0.0,256.8736,340.5016,0,bear_2022
2022-10-12T00:00:00+00:00,0.868998,0.00,0.0,256.7856,339.3785,0,bear_2022
2022-10-13T00:00:00+00:00,0.868998,0.00,0.0,262.8078,348.3351,0,bear_2022
2022-10-14T00:00:00+00:00,0.868998,0.00,0.0,254.9085,340.3969,0,bear_2022
2022-10-17T00:00:00+00:00,0.868998,0.00,0.0,263.3259,349.1441,0,bear_2022
2022-10-18T00:00:00+00:00,0.868998,0.00,0.0,265.4084,353.2464,0,bear_2022
2022-10-19T00:00:00+00:00,0.868998,0.00,0.0,264.4405,350.7432,0,bear_2022
2022-10-20T00:00:00+00:00,0.868998,0.00,0.0,263.0913,347.8021,0,bear_2022
2022-10-21T00:00:00+00:00,0.868998,0.00,0.0,269.2603,356.2542,0,bear_2022
2022-10-24T00:00:00+00:00,0.868998,0.00,0.0,272.2224,360.6134,0,bear_2022
2022-10-25T00:00:00+00:00,0.868998,0.00,0.0,277.8536,366.3719,0,bear_2022
2022-10-26T00:00:00+00:00,0.868998,0.00,0.0,271.7141,363.6117,0,bear_2022
2022-10-27T00:00:00+00:00,0.868998,0.00,0.0,266.7672,361.6700,0,bear_2022
2022-10-28T00:00:00+00:00,0.868998,0.00,0.0,274.9305,370.2744,0,bear_2022
2022-10-31T00:00:00+00:00,0.868998,0.00,0.0,271.7336,367.5997,0,bear_2022
2022-11-01T00:00:00+00:00,0.858209,1.00,0.0,268.9571,365.9912,0,bear_2022
2022-11-02T00:00:00+00:00,0.858209,1.00,0.0,259.7381,356.8062,0,bear_2022
2022-11-03T00:00:00+00:00,0.858209,1.00,0.0,254.6641,353.1322,0,bear_2022
2022-11-04T00:00:00+00:00,0.858209,1.00,0.0,258.7604,358.2149,0,bear_2022
2022-11-07T00:00:00+00:00,0.858209,1.00,0.0,261.6053,361.6414,0,bear_2022
2022-11-08T00:00:00+00:00,0.858209,1.00,0.0,263.5117,363.5927,0,bear_2022
2022-11-09T00:00:00+00:00,0.858209,1.00,0.0,257.4308,356.1019,0,bear_2022
2022-11-10T00:00:00+00:00,0.858209,1.00,0.0,276.4262,375.6711,0,bear_2022
2022-11-11T00:00:00+00:00,0.858209,1.00,0.0,281.5197,379.3070,0,bear_2022
2022-11-14T00:00:00+00:00,0.858209,1.00,0.0,279.0561,376.0804,0,bear_2022
2022-11-15T00:00:00+00:00,0.858209,1.00,0.0,282.9178,379.2881,0,bear_2022
2022-11-16T00:00:00+00:00,0.858209,1.00,0.0,279.0561,376.3946,0,bear_2022
2022-11-17T00:00:00+00:00,0.858209,1.00,0.0,278.4402,375.2428,0,bear_2022
2022-11-18T00:00:00+00:00,0.858209,1.00,0.0,278.4500,376.9465,0,bear_2022
2022-11-21T00:00:00+00:00,0.858209,1.00,0.0,275.5855,375.5760,0,bear_2022
2022-11-22T00:00:00+00:00,0.858209,1.00,0.0,279.5547,380.6300,0,bear_2022
2022-11-23T00:00:00+00:00,0.858209,1.00,0.0,282.3606,383.0287,0,bear_2022
2022-11-25T00:00:00+00:00,0.858209,1.00,0.0,280.5030,382.9430,0,bear_2022
2022-11-28T00:00:00+00:00,0.858209,1.00,0.0,276.3872,376.8324,0,bear_2022
2022-11-29T00:00:00+00:00,0.858209,1.00,0.0,274.2950,376.1851,0,bear_2022
2022-11-30T00:00:00+00:00,0.858209,1.00,0.0,286.7990,388.0352,0,bear_2022
2022-12-01T00:00:00+00:00,0.858209,1.00,0.0,287.1509,387.7497,0,bear_2022
2022-12-02T00:00:00+00:00,0.858209,1.00,0.0,286.0070,387.3023,0,bear_2022
2022-12-05T00:00:00+00:00,0.858209,1.00,0.0,281.2069,380.3351,0,bear_2022
2022-12-06T00:00:00+00:00,0.858209,1.00,0.0,275.3802,374.8525,0,bear_2022
2022-12-07T00:00:00+00:00,0.858209,1.00,0.0,274.2559,374.2149,0,bear_2022
2022-12-08T00:00:00+00:00,0.858209,1.00,0.0,277.5016,377.1465,0,bear_2022
2022-12-09T00:00:00+00:00,0.858209,1.00,0.0,275.7321,374.3291,0,bear_2022
2022-12-12T00:00:00+00:00,0.858209,1.00,0.0,279.1930,379.7259,0,bear_2022
2022-12-13T00:00:00+00:00,0.858209,1.00,0.0,282.1943,382.6003,0,bear_2022
2022-12-14T00:00:00+00:00,0.858209,1.00,0.0,280.1021,380.1542,0,bear_2022
2022-12-15T00:00:00+00:00,0.858209,1.00,0.0,270.6974,370.8550,0,bear_2022
2022-12-16T00:00:00+00:00,0.858209,1.00,0.0,268.1164,366.4767,0,bear_2022
2022-12-19T00:00:00+00:00,0.858209,1.00,0.0,264.3484,363.3690,0,bear_2022
2022-12-20T00:00:00+00:00,0.858209,1.00,0.0,264.1426,363.8663,0,bear_2022
2022-12-21T00:00:00+00:00,0.858209,1.00,0.0,267.9743,369.3069,0,bear_2022
2022-12-22T00:00:00+00:00,0.858209,1.00,0.0,261.4182,364.0383,0,bear_2022
2022-12-23T00:00:00+00:00,0.858209,1.00,0.0,262.0062,366.1324,0,bear_2022
2022-12-27T00:00:00+00:00,0.858209,1.00,0.0,258.3019,364.6886,0,bear_2022
2022-12-28T00:00:00+00:00,0.858209,1.00,0.0,254.8916,360.1562,0,bear_2022
2022-12-29T00:00:00+00:00,0.858209,1.00,0.0,261.1046,366.6392,0,bear_2022
2022-12-30T00:00:00+00:00,0.858209,1.00,0.0,260.9479,365.6734,1,bear_2022
2023-02-01T00:00:00+00:00,0.981140,0.00,0.0,294.8942,392.8004,0,oos_2023_2024
2023-02-02T00:00:00+00:00,0.981140,0.00,0.0,305.4780,398.5183,0,oos_2023_2024
2023-02-03T00:00:00+00:00,0.981140,0.00,0.0,300.0489,394.2824,0,oos_2023_2024
2023-02-06T00:00:00+00:00,0.981140,0.00,0.0,297.5108,391.8729,0,oos_2023_2024
2023-02-07T00:00:00+00:00,0.981140,0.00,0.0,303.6748,396.9980,0,oos_2023_2024
2023-02-08T00:00:00+00:00,0.981140,0.00,0.0,298.2751,392.6570,0,oos_2023_2024
2023-02-09T00:00:00+00:00,0.981140,0.00,0.0,295.6390,389.2529,0,oos_2023_2024
2023-02-10T00:00:00+00:00,0.981140,0.00,0.0,293.6986,390.1613,0,oos_2023_2024
2023-02-13T00:00:00+00:00,0.981140,0.00,0.0,298.4026,394.7415,0,oos_2023_2024
2023-02-14T00:00:00+00:00,0.981140,0.00,0.0,300.6075,394.5598,0,oos_2023_2024
2023-02-15T00:00:00+00:00,0.981140,0.00,0.0,302.9104,395.8410,0,oos_2023_2024
2023-02-16T00:00:00+00:00,0.981140,0.00,0.0,297.2266,390.3907,0,oos_2023_2024
2023-02-17T00:00:00+00:00,0.981140,0.00,0.0,295.1294,389.4155,0,oos_2023_2024
2023-02-21T00:00:00+00:00,0.981140,0.00,0.0,288.1422,381.6034,0,oos_2023_2024
2023-02-22T00:00:00+00:00,0.981140,0.00,0.0,288.3578,381.0776,0,oos_2023_2024
2023-02-23T00:00:00+00:00,0.981140,0.00,0.0,290.8763,383.1046,0,oos_2023_2024
2023-02-24T00:00:00+00:00,0.981140,0.00,0.0,286.0059,379.0122,0,oos_2023_2024
2023-02-27T00:00:00+00:00,0.981140,0.00,0.0,288.0540,380.3031,0,oos_2023_2024
2023-02-28T00:00:00+00:00,0.981140,0.00,0.0,287.6816,378.8975,0,oos_2023_2024
2023-03-01T00:00:00+00:00,0.970383,0.00,0.0,285.3688,377.4440,0,oos_2023_2024
2023-03-02T00:00:00+00:00,0.970383,0.00,0.0,287.7306,380.3795,0,oos_2023_2024
2023-03-03T00:00:00+00:00,0.970383,0.00,0.0,293.6790,386.4800,0,oos_2023_2024
2023-03-06T00:00:00+00:00,0.970383,0.00,0.0,294.0122,386.7478,0,oos_2023_2024
2023-03-07T00:00:00+00:00,0.970383,0.00,0.0,290.4059,380.8194,0,oos_2023_2024
2023-03-08T00:00:00+00:00,0.970383,0.00,0.0,291.8563,381.4409,0,oos_2023_2024
2023-03-09T00:00:00+00:00,0.970383,0.00,0.0,286.7996,374.4034,0,oos_2023_2024
2023-03-10T00:00:00+00:00,0.970383,0.00,0.0,282.7719,369.0010,0,oos_2023_2024
2023-03-13T00:00:00+00:00,0.970383,0.00,0.0,284.8690,368.4750,0,oos_2023_2024
2023-03-14T00:00:00+00:00,0.970383,0.00,0.0,291.4153,374.5659,0,oos_2023_2024
2023-03-15T00:00:00+00:00,0.970383,0.00,0.0,292.9441,372.2232,0,oos_2023_2024
2023-03-16T00:00:00+00:00,0.970383,0.00,0.0,300.6663,378.7540,0,oos_2023_2024
2023-03-17T00:00:00+00:00,0.970383,0.00,0.0,299.2452,374.3253,0,oos_2023_2024
2023-03-20T00:00:00+00:00,0.970383,0.00,0.0,300.3073,377.9247,0,oos_2023_2024
2023-03-21T00:00:00+00:00,0.970383,0.00,0.0,304.5964,382.8871,0,oos_2023_2024
2023-03-22T00:00:00+00:00,0.970383,0.00,0.0,300.4544,376.3602,0,oos_2023_2024
2023-03-23T00:00:00+00:00,0.970383,0.00,0.0,304.0174,377.3776,0,oos_2023_2024
2023-03-24T00:00:00+00:00,0.970383,0.00,0.0,305.1363,379.8539,0,oos_2023_2024
2023-03-27T00:00:00+00:00,0.970383,0.00,0.0,303.0457,380.5642,0,oos_2023_2024
2023-03-28T00:00:00+00:00,0.970383,0.00,0.0,301.4359,379.7100,0,oos_2023_2024
2023-03-29T00:00:00+00:00,0.970383,0.00,0.0,306.9324,385.2291,0,oos_2023_2024
2023-03-30T00:00:00+00:00,0.970383,0.00,0.0,309.8376,387.4847,0,oos_2023_2024
2023-03-31T00:00:00+00:00,0.970383,0.00,0.0,314.9904,392.9461,0,oos_2023_2024
2023-04-03T00:00:00+00:00,0.960910,0.00,0.0,314.2248,394.4435,0,oos_2023_2024
2023-04-04T00:00:00+00:00,0.960910,0.00,0.0,313.1649,392.2550,0,oos_2023_2024
2023-04-05T00:00:00+00:00,0.960910,0.00,0.0,310.0732,391.2281,0,oos_2023_2024
2023-04-06T00:00:00+00:00,0.960910,0.00,0.0,312.1637,392.7541,0,oos_2023_2024
2023-04-10T00:00:00+00:00,0.960910,0.00,0.0,311.9871,393.1573,0,oos_2023_2024
2023-04-11T00:00:00+00:00,0.960910,0.00,0.0,309.9848,393.2629,0,oos_2023_2024
2023-04-12T00:00:00+00:00,0.960910,0.00,0.0,307.2464,391.6599,0,oos_2023_2024
2023-04-13T00:00:00+00:00,0.960910,0.00,0.0,313.2630,396.8622,0,oos_2023_2024
2023-04-14T00:00:00+00:00,0.960910,0.00,0.0,312.6740,395.8928,0,oos_2023_2024
2023-04-17T00:00:00+00:00,0.960910,0.00,0.0,312.9391,397.3133,0,oos_2023_2024
2023-04-18T00:00:00+00:00,0.960910,0.00,0.0,312.9587,397.5725,0,oos_2023_2024
2023-04-19T00:00:00+00:00,0.960910,0.00,0.0,312.8115,397.5054,0,oos_2023_2024
2023-04-20T00:00:00+00:00,0.960910,0.00,0.0,310.4265,395.3361,0,oos_2023_2024
2023-04-21T00:00:00+00:00,0.960910,0.00,0.0,310.7503,395.6433,0,oos_2023_2024
2023-04-24T00:00:00+00:00,0.960910,0.00,0.0,310.1025,396.0560,0,oos_2023_2024
2023-04-25T00:00:00+00:00,0.960910,0.00,0.0,304.2529,389.7690,0,oos_2023_2024
2023-04-26T00:00:00+00:00,0.960910,0.00,0.0,306.0981,388.1182,0,oos_2023_2024
2023-04-27T00:00:00+00:00,0.960910,0.00,0.0,314.4211,395.8448,0,oos_2023_2024
2023-04-28T00:00:00+00:00,0.960910,0.00,0.0,316.5903,399.2234,0,oos_2023_2024
2023-05-01T00:00:00+00:00,0.954304,0.00,0.0,316.2271,398.8203,0,oos_2023_2024
2023-05-02T00:00:00+00:00,0.954304,0.00,0.0,313.4691,394.3379,0,oos_2023_2024
2023-05-03T00:00:00+00:00,0.954304,0.00,0.0,311.4178,391.6312,0,oos_2023_2024
2023-05-04T00:00:00+00:00,0.954304,0.00,0.0,310.3186,388.8571,0,oos_2023_2024
2023-05-05T00:00:00+00:00,0.954304,0.00,0.0,316.9142,396.0560,0,oos_2023_2024
2023-05-08T00:00:00+00:00,0.954304,0.00,0.0,317.6993,396.1616,0,oos_2023_2024
2023-05-09T00:00:00+00:00,0.954304,0.00,0.0,315.6873,394.4243,0,oos_2023_2024
2023-05-10T00:00:00+00:00,0.954304,0.00,0.0,319.1225,396.2671,0,oos_2023_2024
2023-05-11T00:00:00+00:00,0.954304,0.00,0.0,320.1629,395.5761,0,oos_2023_2024
2023-05-12T00:00:00+00:00,0.954304,0.00,0.0,319.0145,395.0578,0,oos_2023_2024
2023-05-15T00:00:00+00:00,0.954304,0.00,0.0,320.7419,396.4207,0,oos_2023_2024
2023-05-16T00:00:00+00:00,0.954304,0.00,0.0,321.1051,393.7716,0,oos_2023_2024
2023-05-17T00:00:00+00:00,0.954304,0.00,0.0,324.9918,398.5516,0,oos_2023_2024
2023-05-18T00:00:00+00:00,0.954304,0.00,0.0,331.0280,402.3909,0,oos_2023_2024
2023-05-19T00:00:00+00:00,0.954304,0.00,0.0,330.2821,401.8054,0,oos_2023_2024
2023-05-22T00:00:00+00:00,0.954304,0.00,0.0,331.3912,401.9686,0,oos_2023_2024
2023-05-23T00:00:00+00:00,0.954304,0.00,0.0,327.1903,397.4573,0,oos_2023_2024
2023-05-24T00:00:00+00:00,0.954304,0.00,0.0,325.5120,394.5778,0,oos_2023_2024
2023-05-25T00:00:00+00:00,0.954304,0.00,0.0,333.4326,397.9948,0,oos_2023_2024
2023-05-26T00:00:00+00:00,0.954304,0.00,0.0,341.9520,403.1491,0,oos_2023_2024
2023-05-30T00:00:00+00:00,0.954304,0.00,0.0,343.5028,403.3027,0,oos_2023_2024
2023-05-31T00:00:00+00:00,0.954304,0.00,0.0,341.5496,401.0663,0,oos_2023_2024
2023-06-01T00:00:00+00:00,0.946785,1.00,0.0,345.4952,404.8768,0,oos_2023_2024
2023-06-02T00:00:00+00:00,0.946785,1.00,0.0,348.0863,410.7319,0,oos_2023_2024
2023-06-05T00:00:00+00:00,0.946785,1.00,0.0,348.3317,409.9448,0,oos_2023_2024
2023-06-06T00:00:00+00:00,0.946785,1.00,0.0,348.2728,410.8374,0,oos_2023_2024
2023-06-07T00:00:00+00:00,0.946785,1.00,0.0,342.3642,409.4168,0,oos_2023_2024
2023-06-08T00:00:00+00:00,0.946785,1.00,0.0,346.6141,411.8932,0,oos_2023_2024
2023-06-09T00:00:00+00:00,0.946785,1.00,0.0,347.9391,412.6323,0,oos_2023_2024
2023-06-12T00:00:00+00:00,0.946785,1.00,0.0,353.8182,416.3756,0,oos_2023_2024
2023-06-13T00:00:00+00:00,0.946785,1.00,0.0,356.5370,419.1208,0,oos_2023_2024
2023-06-14T00:00:00+00:00,0.946785,1.00,0.0,359.1282,419.6199,0,oos_2023_2024
2023-06-15T00:00:00+00:00,0.946785,1.00,0.0,363.4074,424.8221,0,oos_2023_2024
2023-06-16T00:00:00+00:00,0.946785,1.00,0.0,361.1206,423.3752,0,oos_2023_2024
2023-06-20T00:00:00+00:00,0.946785,1.00,0.0,360.6036,421.1786,0,oos_2023_2024
2023-06-21T00:00:00+00:00,0.946785,1.00,0.0,355.6894,419.0206,0,oos_2023_2024
2023-06-22T00:00:00+00:00,0.946785,1.00,0.0,359.8861,420.5331,0,oos_2023_2024
2023-06-23T00:00:00+00:00,0.946785,1.00,0.0,356.3184,417.3539,0,oos_2023_2024
2023-06-26T00:00:00+00:00,0.946785,1.00,0.0,351.5418,415.6487,0,oos_2023_2024
2023-06-27T00:00:00+00:00,0.946785,1.00,0.0,357.5863,420.2055,0,oos_2023_2024
2023-06-28T00:00:00+00:00,0.946785,1.00,0.0,358.2841,420.4175,0,oos_2023_2024
2023-06-29T00:00:00+00:00,0.946785,1.00,0.0,357.5667,422.0746,0,oos_2023_2024
2023-06-30T00:00:00+00:00,0.946785,1.00,0.0,363.0803,427.0553,0,oos_2023_2024
2023-07-03T00:00:00+00:00,0.944887,0.75,0.0,363.9355,427.5467,0,oos_2023_2024
2023-07-05T00:00:00+00:00,0.942642,0.75,0.0,363.9256,426.9108,0,oos_2023_2024
2023-07-06T00:00:00+00:00,0.939309,0.75,0.0,361.1540,423.5678,0,oos_2023_2024
2023-07-07T00:00:00+00:00,0.937896,0.75,0.0,359.9548,422.4984,0,oos_2023_2024
2023-07-10T00:00:00+00:00,0.938204,0.75,0.0,360.0728,423.5678,0,oos_2023_2024
2023-07-11T00:00:00+00:00,0.939409,0.75,0.0,361.8517,426.2654,0,oos_2023_2024
2023-07-12T00:00:00+00:00,0.942023,0.75,0.0,366.4220,429.6951,0,oos_2023_2024
2023-07-13T00:00:00+00:00,0.944499,0.75,0.0,372.6434,433.1054,0,oos_2023_2024
2023-07-14T00:00:00+00:00,0.943109,0.75,0.0,372.5647,432.8358,0,oos_2023_2024
2023-07-17T00:00:00+00:00,0.943225,0.75,0.0,376.0439,434.3386,0,oos_2023_2024
2023-07-18T00:00:00+00:00,0.944295,0.75,0.0,379.1203,437.5660,0,oos_2023_2024
2023-07-19T00:00:00+00:00,0.946962,0.75,0.0,379.0318,438.5390,0,oos_2023_2024
2023-07-20T00:00:00+00:00,0.944088,0.75,0.0,370.2944,435.6295,0,oos_2023_2024
2023-07-21T00:00:00+00:00,0.944157,0.75,0.0,369.1838,435.6295,0,oos_2023_2024
2023-07-24T00:00:00+00:00,0.943299,0.75,0.0,369.7735,437.5757,0,oos_2023_2024
2023-07-25T00:00:00+00:00,0.942857,0.75,0.0,372.2797,438.7703,0,oos_2023_2024
2023-07-26T00:00:00+00:00,0.943090,0.75,0.0,371.0413,438.8377,0,oos_2023_2024
2023-07-27T00:00:00+00:00,0.938503,0.75,0.0,370.1568,435.9282,0,oos_2023_2024
2023-07-28T00:00:00+00:00,0.939708,0.75,0.0,376.8990,440.1961,0,oos_2023_2024
2023-07-31T00:00:00+00:00,0.940273,0.75,0.0,377.0956,441.0342,0,oos_2023_2024
2023-08-01T00:00:00+00:00,0.940273,0.75,0.0,376.2209,439.7722,0,oos_2023_2024
2023-08-02T00:00:00+00:00,0.937758,0.75,0.0,367.9650,433.6546,0,oos_2023_2024
2023-08-03T00:00:00+00:00,0.932350,0.75,0.0,367.3754,432.4118,0,oos_2023_2024
2023-08-04T00:00:00+00:00,0.936478,0.75,0.0,365.6554,430.4561,0,oos_2023_2024
2023-08-07T00:00:00+00:00,0.934174,0.75,0.0,368.7513,434.2134,0,oos_2023_2024
2023-08-08T00:00:00+00:00,0.936886,0.75,0.0,365.6160,432.3251,0,oos_2023_2024
2023-08-09T00:00:00+00:00,0.938097,0.75,0.0,361.5963,429.4349,0,oos_2023_2024
2023-08-10T00:00:00+00:00,0.934237,0.75,0.0,362.2646,429.5890,0,oos_2023_2024
2023-08-11T00:00:00+00:00,0.933699,0.75,0.0,359.9548,429.3386,0,oos_2023_2024
2023-08-14T00:00:00+00:00,0.933185,0.75,0.0,363.9944,431.7085,0,oos_2023_2024
2023-08-15T00:00:00+00:00,0.931763,0.75,0.0,360.1318,426.6797,0,oos_2023_2024
2023-08-16T00:00:00+00:00,0.929941,0.75,0.0,356.3184,423.5486,0,oos_2023_2024
2023-08-17T00:00:00+00:00,0.928950,0.75,0.0,352.4264,420.3212,0,oos_2023_2024
2023-08-18T00:00:00+00:00,0.929770,0.75,0.0,351.9840,420.5235,0,oos_2023_2024
2023-08-21T00:00:00+00:00,0.926671,0.75,0.0,357.6551,423.2596,0,oos_2023_2024
2023-08-22T00:00:00+00:00,0.928449,0.75,0.0,357.1440,422.1131,0,oos_2023_2024
2023-08-23T00:00:00+00:00,0.934200,0.75,0.0,362.7756,426.8145,0,oos_2023_2024
2023-08-24T00:00:00+00:00,0.932660,0.75,0.0,355.0211,420.8993,0,oos_2023_2024
2023-08-25T00:00:00+00:00,0.933422,0.75,0.0,357.7730,423.8665,0,oos_2023_2024
2023-08-28T00:00:00+00:00,0.933667,0.75,0.0,360.4660,426.5544,0,oos_2023_2024
2023-08-29T00:00:00+00:00,0.936091,0.75,0.0,368.3385,432.7201,0,oos_2023_2024
2023-08-30T00:00:00+00:00,0.935848,0.75,0.0,370.3927,434.5024,0,oos_2023_2024
2023-08-31T00:00:00+00:00,0.936894,0.75,0.0,371.5032,433.8665,0,oos_2023_2024
2023-09-01T00:00:00+00:00,0.930839,0.25,0.0,371.1101,434.6758,0,oos_2023_2024
2023-09-05T00:00:00+00:00,0.917786,0.25,0.0,371.5819,432.7972,0,oos_2023_2024
2023-09-06T00:00:00+00:00,0.920044,0.25,0.0,368.3090,429.8877,0,oos_2023_2024
2023-09-07T00:00:00+00:00,0.922595,0.25,0.0,365.6750,428.5679,0,oos_2023_2024
2023-09-08T00:00:00+00:00,0.926128,0.25,0.0,366.1861,429.2133,0,oos_2023_2024
2023-09-11T00:00:00+00:00,0.919455,0.25,0.0,370.5008,432.0361,0,oos_2023_2024
2023-09-12T00:00:00+00:00,0.924754,0.25,0.0,366.3925,429.6662,0,oos_2023_2024
2023-09-13T00:00:00+00:00,0.924558,0.25,0.0,367.7881,430.1671,0,oos_2023_2024
2023-09-14T00:00:00+00:00,0.917885,0.25,0.0,370.7957,433.8762,0,oos_2023_2024
2023-09-15T00:00:00+00:00,0.912290,0.25,0.0,364.4465,428.6487,0,oos_2023_2024
2023-09-18T00:00:00+00:00,0.917492,0.25,0.0,364.8264,428.9001,0,oos_2023_2024
2023-09-19T00:00:00+00:00,0.910720,0.25,0.0,364.0488,428.0106,0,oos_2023_2024
2023-09-20T00:00:00+00:00,0.913567,0.25,0.0,358.8027,424.0757,0,oos_2023_2024
2023-09-21T00:00:00+00:00,0.890111,0.25,0.0,352.2278,417.0665,0,oos_2023_2024
2023-09-22T00:00:00+00:00,0.897276,0.25,0.0,352.2771,416.1288,0,oos_2023_2024
2023-09-25T00:00:00+00:00,0.875195,0.25,0.0,353.9503,417.8786,0,oos_2023_2024
2023-09-26T00:00:00+00:00,0.872152,0.25,0.0,348.6353,411.7395,0,oos_2023_2024
2023-09-27T00:00:00+00:00,0.867638,0.25,0.0,349.4522,411.9038,0,oos_2023_2024
2023-09-28T00:00:00+00:00,0.870287,0.25,0.0,352.3755,414.2918,0,oos_2023_2024
2023-09-29T00:00:00+00:00,0.870386,0.25,0.0,352.6314,413.2863,0,oos_2023_2024
2023-10-02T00:00:00+00:00,0.861785,0.00,0.0,355.5744,413.1219,0,oos_2023_2024
2023-10-03T00:00:00+00:00,0.861785,0.00,0.0,349.3341,407.5919,0,oos_2023_2024
2023-10-04T00:00:00+00:00,0.861785,0.00,0.0,354.0881,410.5599,0,oos_2023_2024
2023-10-05T00:00:00+00:00,0.861785,0.00,0.0,353.0447,410.4053,0,oos_2023_2024
2023-10-06T00:00:00+00:00,0.861785,0.00,0.0,358.9603,415.2779,0,oos_2023_2024
2023-10-09T00:00:00+00:00,0.861785,0.00,0.0,360.7909,417.9366,0,oos_2023_2024
2023-10-10T00:00:00+00:00,0.861785,0.00,0.0,362.7890,420.1119,0,oos_2023_2024
2023-10-11T00:00:00+00:00,0.861785,0.00,0.0,365.3776,421.8328,0,oos_2023_2024
2023-10-12T00:00:00+00:00,0.861785,0.00,0.0,364.1078,419.2611,0,oos_2023_2024
2023-10-13T00:00:00+00:00,0.861785,0.00,0.0,359.5311,417.1729,0,oos_2023_2024
2023-10-16T00:00:00+00:00,0.861785,0.00,0.0,363.5961,421.5621,0,oos_2023_2024
2023-10-17T00:00:00+00:00,0.861785,0.00,0.0,362.4052,421.5427,0,oos_2023_2024
2023-10-18T00:00:00+00:00,0.861785,0.00,0.0,357.6511,415.9256,0,oos_2023_2024
2023-10-19T00:00:00+00:00,0.861785,0.00,0.0,354.3047,412.2712,0,oos_2023_2024
2023-10-20T00:00:00+00:00,0.861785,0.00,0.0,349.0191,407.2052,0,oos_2023_2024
2023-10-23T00:00:00+00:00,0.861785,0.00,0.0,350.0723,406.4994,0,oos_2023_2024
2023-10-24T00:00:00+00:00,0.861785,0.00,0.0,353.4779,409.5641,0,oos_2023_2024
2023-10-25T00:00:00+00:00,0.861785,0.00,0.0,344.8263,403.6860,0,oos_2023_2024
2023-10-26T00:00:00+00:00,0.861785,0.00,0.0,338.2513,398.8521,0,oos_2023_2024
2023-10-27T00:00:00+00:00,0.861785,0.00,0.0,339.8754,397.0442,0,oos_2023_2024
2023-10-30T00:00:00+00:00,0.861785,0.00,0.0,343.7041,401.7911,0,oos_2023_2024
2023-10-31T00:00:00+00:00,0.861785,0.00,0.0,345.3478,404.3145,0,oos_2023_2024
2023-11-01T00:00:00+00:00,0.852599,1.00,0.0,351.3420,408.6263,0,oos_2023_2024
2023-11-02T00:00:00+00:00,0.852599,1.00,0.0,357.7200,416.4574,0,oos_2023_2024
2023-11-03T00:00:00+00:00,0.852599,1.00,0.0,361.9228,420.2569,0,oos_2023_2024
2023-11-06T00:00:00+00:00,0.852599,1.00,0.0,363.3992,421.2237,0,oos_2023_2024
2023-11-07T00:00:00+00:00,0.852599,1.00,0.0,366.8344,422.4225,0,oos_2023_2024
2023-11-08T00:00:00+00:00,0.852599,1.00,0.0,367.0705,422.7319,0,oos_2023_2024
2023-11-09T00:00:00+00:00,0.852599,1.00,0.0,364.2457,419.4352,0,oos_2023_2024
2023-11-10T00:00:00+00:00,0.852599,1.00,0.0,372.4348,425.9803,0,oos_2023_2024
2023-11-13T00:00:00+00:00,0.852599,1.00,0.0,371.2733,425.5743,0,oos_2023_2024
2023-11-14T00:00:00+00:00,0.852599,1.00,0.0,379.2655,433.8308,0,oos_2023_2024
2023-11-15T00:00:00+00:00,0.852599,1.00,0.0,379.5510,434.7492,0,oos_2023_2024
2023-11-16T00:00:00+00:00,0.852599,1.00,0.0,379.8758,435.2809,0,oos_2023_2024
2023-11-17T00:00:00+00:00,0.852599,1.00,0.0,379.9643,435.8224,0,oos_2023_2024
2023-11-20T00:00:00+00:00,0.852599,1.00,0.0,384.5903,439.1771,0,oos_2023_2024
2023-11-21T00:00:00+00:00,0.852599,1.00,0.0,382.3561,438.2201,0,oos_2023_2024
2023-11-22T00:00:00+00:00,0.852599,1.00,0.0,383.9210,439.9119,0,oos_2023_2024
2023-11-24T00:00:00+00:00,0.852599,1.00,0.0,383.3797,440.1826,0,oos_2023_2024
2023-11-27T00:00:00+00:00,0.852599,1.00,0.0,383.0451,439.3898,0,oos_2023_2024
2023-11-28T00:00:00+00:00,0.852599,1.00,0.0,384.0490,439.8249,0,oos_2023_2024
2023-11-29T00:00:00+00:00,0.852599,1.00,0.0,383.6750,439.5155,0,oos_2023_2024
2023-11-30T00:00:00+00:00,0.852599,1.00,0.0,382.7104,441.2461,0,oos_2023_2024
2023-12-01T00:00:00+00:00,0.852599,1.00,0.0,383.8029,443.8564,0,oos_2023_2024
2023-12-04T00:00:00+00:00,0.852599,1.00,0.0,380.2399,441.5265,0,oos_2023_2024
2023-12-05T00:00:00+00:00,0.852599,1.00,0.0,381.1947,441.4395,0,oos_2023_2024
2023-12-06T00:00:00+00:00,0.852599,1.00,0.0,378.9899,439.6605,0,oos_2023_2024
2023-12-07T00:00:00+00:00,0.852599,1.00,0.0,384.2853,443.0153,0,oos_2023_2024
2023-12-08T00:00:00+00:00,0.852599,1.00,0.0,385.9979,444.9199,0,oos_2023_2024
2023-12-11T00:00:00+00:00,0.852599,1.00,0.0,389.2951,446.6505,0,oos_2023_2024
2023-12-12T00:00:00+00:00,0.852599,1.00,0.0,392.3956,448.6904,0,oos_2023_2024
2023-12-13T00:00:00+00:00,0.852599,1.00,0.0,397.3858,454.8780,0,oos_2023_2024
2023-12-14T00:00:00+00:00,0.852599,1.00,0.0,397.0413,456.3378,0,oos_2023_2024
2023-12-15T00:00:00+00:00,0.852599,1.00,0.0,398.9606,455.5864,0,oos_2023_2024
2023-12-18T00:00:00+00:00,0.852599,1.00,0.0,401.4735,458.1491,0,oos_2023_2024
2023-12-19T00:00:00+00:00,0.852599,1.00,0.0,403.5248,460.9351,0,oos_2023_2024
2023-12-20T00:00:00+00:00,0.852599,1.00,0.0,397.5286,454.5478,0,oos_2023_2024
2023-12-21T00:00:00+00:00,0.852599,1.00,0.0,402.1540,458.8578,0,oos_2023_2024
2023-12-22T00:00:00+00:00,0.852599,1.00,0.0,402.7556,459.7799,0,oos_2023_2024
2023-12-26T00:00:00+00:00,0.852599,1.00,0.0,405.2212,461.7214,0,oos_2023_2024
2023-12-27T00:00:00+00:00,0.852599,1.00,0.0,406.0461,462.5562,0,oos_2023_2024
2023-12-28T00:00:00+00:00,0.852599,1.00,0.0,405.8488,462.7309,0,oos_2023_2024
2023-12-29T00:00:00+00:00,0.852599,1.00,0.0,404.0923,461.3913,0,oos_2023_2024
2024-01-02T00:00:00+00:00,0.835492,1.00,10.0,397.2542,458.8092,0,oos_2023_2024
2024-01-03T00:00:00+00:00,0.818703,1.00,10.0,393.0506,455.0622,0,oos_2023_2024
2024-01-04T00:00:00+00:00,0.825865,1.00,10.0,391.0278,453.5965,0,oos_2023_2024
2024-01-05T00:00:00+00:00,0.830976,1.00,10.0,391.4916,454.2178,0,oos_2023_2024
2024-01-08T00:00:00+00:00,0.865283,1.00,10.0,399.5829,460.7021,0,oos_2023_2024
2024-01-09T00:00:00+00:00,0.877143,1.00,10.0,400.3723,460.0032,0,oos_2023_2024
2024-01-10T00:00:00+00:00,0.893745,1.00,10.0,403.0859,462.6047,0,oos_2023_2024
2024-01-11T00:00:00+00:00,0.895992,1.00,10.0,403.9246,462.4009,0,oos_2023_2024
2024-01-12T00:00:00+00:00,0.887759,1.00,10.0,404.1318,462.7212,0,oos_2023_2024
2024-01-16T00:00:00+00:00,0.905065,1.00,10.0,404.0923,461.0224,0,oos_2023_2024
2024-01-17T00:00:00+00:00,0.905455,1.00,10.0,401.8130,458.4597,0,oos_2023_2024
2024-01-18T00:00:00+00:00,0.917218,1.00,10.0,407.5164,462.5368,0,oos_2023_2024
2024-01-19T00:00:00+00:00,0.929794,1.00,10.0,415.5978,468.3028,0,oos_2023_2024
2024-01-22T00:00:00+00:00,0.936452,1.00,10.0,416.1406,469.2929,0,oos_2023_2024
2024-01-23T00:00:00+00:00,0.938910,1.00,10.0,417.8673,470.6617,0,oos_2023_2024
2024-01-24T00:00:00+00:00,0.941641,1.00,10.0,420.1862,471.1762,0,oos_2023_2024
2024-01-25T00:00:00+00:00,0.947844,1.00,10.0,420.6993,473.7388,0,oos_2023_2024
2024-01-26T00:00:00+00:00,0.948094,1.00,10.0,418.1930,473.1370,0,oos_2023_2024
2024-01-29T00:00:00+00:00,0.973739,1.00,10.0,422.4754,476.8839,0,oos_2023_2024
2024-01-30T00:00:00+00:00,0.963243,1.00,10.0,419.6632,476.5151,0,oos_2023_2024
2024-01-31T00:00:00+00:00,0.940530,1.00,10.0,411.4436,468.7396,0,oos_2023_2024
2024-02-01T00:00:00+00:00,0.883995,1.00,10.0,416.2885,474.8746,0,oos_2023_2024
2024-02-02T00:00:00+00:00,0.923429,1.00,10.0,423.3240,479.8738,0,oos_2023_2024
2024-02-05T00:00:00+00:00,0.923628,1.00,10.0,422.7715,478.1264,0,oos_2023_2024
2024-02-06T00:00:00+00:00,0.924083,1.00,10.0,421.9228,479.5146,0,oos_2023_2024
2024-02-07T00:00:00+00:00,0.942247,1.00,10.0,426.2646,483.5140,0,oos_2023_2024
2024-02-08T00:00:00+00:00,0.950747,1.00,10.0,427.0539,483.7275,0,oos_2023_2024
2024-02-09T00:00:00+00:00,0.965267,1.00,10.0,431.2575,486.5232,0,oos_2023_2024
2024-02-12T00:00:00+00:00,0.951982,1.00,10.0,429.5701,486.3096,0,oos_2023_2024
2024-02-13T00:00:00+00:00,0.941150,1.00,10.0,422.8701,479.6116,0,oos_2023_2024
2024-02-14T00:00:00+00:00,0.976521,1.00,10.0,427.4782,483.9702,0,oos_2023_2024
2024-02-15T00:00:00+00:00,0.987582,1.00,10.0,428.7512,487.3095,0,oos_2023_2024
2024-02-16T00:00:00+00:00,0.973988,1.00,10.0,424.8634,484.8827,0,oos_2023_2024
2024-02-20T00:00:00+00:00,0.950668,1.00,10.0,421.6564,482.2132,0,oos_2023_2024
2024-02-21T00:00:00+00:00,0.932206,1.00,10.0,419.9691,482.6500,0,oos_2023_2024
2024-02-22T00:00:00+00:00,0.987698,1.00,10.0,432.2639,492.6387,0,oos_2023_2024
2024-02-23T00:00:00+00:00,0.991237,1.00,10.0,430.9911,492.9785,0,oos_2023_2024
2024-02-26T00:00:00+00:00,1.006424,1.00,10.0,430.7641,491.1729,0,oos_2023_2024
2024-02-27T00:00:00+00:00,1.014492,1.00,10.0,431.8001,492.0853,0,oos_2023_2024
2024-02-28T00:00:00+00:00,1.010161,1.00,10.0,429.5011,491.4350,0,oos_2023_2024
2024-02-29T00:00:00+00:00,1.055842,1.00,10.0,433.1816,493.2017,0,oos_2023_2024
2024-03-01T00:00:00+00:00,1.015259,1.00,10.0,439.7040,497.8320,0,oos_2023_2024
2024-03-04T00:00:00+00:00,1.013615,1.00,10.0,438.1351,497.2980,0,oos_2023_2024
2024-03-05T00:00:00+00:00,0.985187,1.00,10.0,430.2707,492.3280,0,oos_2023_2024
2024-03-06T00:00:00+00:00,1.015730,1.00,10.0,432.9745,494.8228,0,oos_2023_2024
2024-03-07T00:00:00+00:00,1.034481,1.00,10.0,439.5462,499.7346,0,oos_2023_2024
2024-03-08T00:00:00+00:00,1.013483,1.00,10.0,433.2014,496.7351,0,oos_2023_2024
2024-03-11T00:00:00+00:00,0.989736,1.00,10.0,431.5929,496.3080,0,oos_2023_2024
2024-03-12T00:00:00+00:00,1.008806,1.00,10.0,437.7799,501.6470,0,oos_2023_2024
2024-03-13T00:00:00+00:00,1.014521,1.00,10.0,434.4151,500.8607,0,oos_2023_2024
2024-03-14T00:00:00+00:00,1.008737,1.00,10.0,433.3198,499.8705,0,oos_2023_2024
2024-03-15T00:00:00+00:00,0.994192,1.00,10.0,428.1690,496.4381,0,oos_2023_2024
2024-03-18T00:00:00+00:00,1.012179,1.00,10.0,432.2526,499.3885,0,oos_2023_2024
2024-03-19T00:00:00+00:00,1.005382,1.00,10.0,433.3295,502.1637,0,oos_2023_2024
2024-03-20T00:00:00+00:00,1.041955,1.00,10.0,438.4674,506.8083,0,oos_2023_2024
2024-03-21T00:00:00+00:00,1.064472,1.00,10.0,440.5423,508.4832,0,oos_2023_2024
2024-03-22T00:00:00+00:00,1.058672,1.00,10.0,441.0462,507.5192,0,oos_2023_2024
2024-03-25T00:00:00+00:00,1.061368,1.00,10.0,439.4456,506.1170,0,oos_2023_2024
2024-03-26T00:00:00+00:00,1.057693,1.00,10.0,438.0228,505.1823,0,oos_2023_2024
2024-03-27T00:00:00+00:00,1.042387,1.00,10.0,439.5147,509.4277,0,oos_2023_2024
2024-03-28T00:00:00+00:00,1.034070,1.00,10.0,438.7046,509.3303,0,oos_2023_2024
2024-04-01T00:00:00+00:00,0.987667,0.75,10.0,439.6334,508.4442,0,oos_2023_2024
2024-04-02T00:00:00+00:00,0.983502,0.75,10.0,435.8392,505.2115,0,oos_2023_2024
2024-04-03T00:00:00+00:00,0.995516,0.75,10.0,436.8174,505.7665,0,oos_2023_2024
2024-04-04T00:00:00+00:00,0.985607,0.75,10.0,430.1381,499.5930,0,oos_2023_2024
2024-04-05T00:00:00+00:00,0.996347,0.75,10.0,435.2068,504.8123,0,oos_2023_2024
2024-04-08T00:00:00+00:00,0.998958,0.75,10.0,435.3353,505.0945,0,oos_2023_2024
2024-04-09T00:00:00+00:00,0.989838,0.75,10.0,436.9458,505.6789,0,oos_2023_2024
2024-04-10T00:00:00+00:00,0.984978,0.75,10.0,433.1319,500.6154,0,oos_2023_2024
2024-04-11T00:00:00+00:00,1.004372,0.75,10.0,440.0483,504.3935,0,oos_2023_2024
2024-04-12T00:00:00+00:00,0.983683,0.75,10.0,433.0331,497.4314,0,oos_2023_2024
2024-04-15T00:00:00+00:00,0.952359,0.75,10.0,425.9093,491.1994,0,oos_2023_2024
2024-04-16T00:00:00+00:00,0.957292,0.75,10.0,425.9488,490.3036,0,oos_2023_2024
2024-04-17T00:00:00+00:00,0.939896,0.75,10.0,420.7516,487.4019,0,oos_2023_2024
2024-04-18T00:00:00+00:00,0.934208,0.75,10.0,418.3507,486.3990,0,oos_2023_2024
2024-04-19T00:00:00+00:00,0.906968,0.75,10.0,409.6954,482.1534,0,oos_2023_2024
2024-04-22T00:00:00+00:00,0.920720,0.75,10.0,413.8155,486.5937,0,oos_2023_2024
2024-04-23T00:00:00+00:00,0.948609,0.75,10.0,419.9909,492.3679,0,oos_2023_2024
2024-04-24T00:00:00+00:00,0.930736,0.75,10.0,421.4137,492.1342,0,oos_2023_2024
2024-04-25T00:00:00+00:00,0.935063,0.75,10.0,419.3783,490.2647,0,oos_2023_2024
2024-04-26T00:00:00+00:00,0.962477,0.75,10.0,425.8501,494.9094,0,oos_2023_2024
2024-04-29T00:00:00+00:00,0.953522,0.75,10.0,427.5791,496.6621,0,oos_2023_2024
2024-04-30T00:00:00+00:00,0.927705,0.75,10.0,419.5166,488.7944,0,oos_2023_2024
2024-05-01T00:00:00+00:00,0.898937,1.00,10.0,416.4832,487.2072,0,oos_2023_2024
2024-05-02T00:00:00+00:00,0.937297,1.00,10.0,421.7990,491.7642,0,oos_2023_2024
2024-05-03T00:00:00+00:00,0.949615,1.00,10.0,430.2765,497.8598,0,oos_2023_2024
2024-05-06T00:00:00+00:00,0.970451,1.00,10.0,434.9895,503.0011,0,oos_2023_2024
2024-05-07T00:00:00+00:00,0.961805,1.00,10.0,435.0587,503.5562,0,oos_2023_2024
2024-05-08T00:00:00+00:00,0.958581,1.00,10.0,434.8017,503.6048,0,oos_2023_2024
2024-05-09T00:00:00+00:00,0.966588,1.00,10.0,435.7502,506.5065,0,oos_2023_2024
2024-05-10T00:00:00+00:00,0.962193,1.00,10.0,436.7779,507.1590,0,oos_2023_2024
2024-05-13T00:00:00+00:00,0.965477,1.00,10.0,437.7856,507.2271,0,oos_2023_2024
2024-05-14T00:00:00+00:00,0.981310,1.00,10.0,440.6016,509.5543,0,oos_2023_2024
2024-05-15T00:00:00+00:00,1.015113,1.00,10.0,447.4883,515.8641,0,oos_2023_2024
2024-05-16T00:00:00+00:00,0.996784,1.00,10.0,446.5793,514.8027,0,oos_2023_2024
2024-05-17T00:00:00+00:00,1.011979,1.00,10.0,446.3620,515.5428,0,oos_2023_2024
2024-05-20T00:00:00+00:00,1.040129,1.00,10.0,449.4743,516.1367,0,oos_2023_2024
2024-05-21T00:00:00+00:00,1.036655,1.00,10.0,450.3536,517.4026,0,oos_2023_2024
2024-05-22T00:00:00+00:00,1.024838,1.00,10.0,450.2647,515.9128,0,oos_2023_2024
2024-05-23T00:00:00+00:00,1.023667,1.00,10.0,448.2392,512.1445,0,oos_2023_2024
2024-05-24T00:00:00+00:00,1.060100,1.00,10.0,452.4780,515.5330,0,oos_2023_2024
2024-05-28T00:00:00+00:00,1.076386,1.00,10.0,454.1873,515.8933,0,oos_2023_2024
2024-05-29T00:00:00+00:00,1.073958,1.00,10.0,450.9860,512.2808,0,oos_2023_2024
2024-05-30T00:00:00+00:00,1.051943,1.00,10.0,446.1544,508.8824,0,oos_2023_2024
2024-05-31T00:00:00+00:00,1.035220,1.00,10.0,445.3245,513.5175,0,oos_2023_2024
2024-06-03T00:00:00+00:00,1.001161,1.00,10.0,447.7156,513.9362,0,oos_2023_2024
2024-06-04T00:00:00+00:00,1.003064,1.00,10.0,448.9408,514.5106,0,oos_2023_2024
2024-06-05T00:00:00+00:00,1.042672,1.00,10.0,457.9913,520.6257,0,oos_2023_2024
2024-06-06T00:00:00+00:00,1.042664,1.00,10.0,457.8332,520.6159,0,oos_2023_2024
2024-06-07T00:00:00+00:00,1.027424,1.00,10.0,457.4281,519.9830,0,oos_2023_2024
2024-06-10T00:00:00+00:00,1.053862,1.00,10.0,459.2757,521.5896,0,oos_2023_2024
2024-06-11T00:00:00+00:00,1.055343,1.00,10.0,462.4277,522.8458,0,oos_2023_2024
2024-06-12T00:00:00+00:00,1.082592,1.00,10.0,468.4844,527.1399,0,oos_2023_2024
2024-06-13T00:00:00+00:00,1.092852,1.00,10.0,471.0237,528.2013,0,oos_2023_2024
2024-06-14T00:00:00+00:00,1.092509,1.00,10.0,473.4642,528.5226,0,oos_2023_2024
2024-06-17T00:00:00+00:00,1.108985,1.00,10.0,479.2640,532.7291,0,oos_2023_2024
2024-06-18T00:00:00+00:00,1.124329,1.00,10.0,479.4123,534.0826,0,oos_2023_2024
2024-06-20T00:00:00+00:00,1.095689,1.00,10.0,475.7169,532.6318,0,oos_2023_2024
2024-06-21T00:00:00+00:00,1.081818,1.00,10.0,474.4424,531.9177,0,oos_2023_2024
2024-06-24T00:00:00+00:00,1.052891,1.00,10.0,469.0410,530.1887,0,oos_2023_2024
2024-06-25T00:00:00+00:00,1.083676,1.00,10.0,474.4048,532.2303,0,oos_2023_2024
2024-06-26T00:00:00+00:00,1.076670,1.00,10.0,475.3845,532.8946,0,oos_2023_2024
2024-06-27T00:00:00+00:00,1.084220,1.00,10.0,476.6116,533.7347,0,oos_2023_2024
2024-06-28T00:00:00+00:00,1.080359,1.00,10.0,474.1375,531.6343,0,oos_2023_2024
2024-07-01T00:00:00+00:00,1.029643,1.00,10.0,476.9184,532.7285,0,oos_2023_2024
2024-07-02T00:00:00+00:00,1.027776,1.00,10.0,481.9259,536.3136,0,oos_2023_2024
2024-07-03T00:00:00+00:00,1.044829,1.00,10.0,485.9437,538.7070,0,oos_2023_2024
2024-07-05T00:00:00+00:00,1.048455,1.00,10.0,491.0106,541.8134,0,oos_2023_2024
2024-07-08T00:00:00+00:00,1.045401,1.00,10.0,492.1784,542.4387,0,oos_2023_2024
2024-07-09T00:00:00+00:00,1.046918,1.00,10.0,492.6039,542.9661,0,oos_2023_2024
2024-07-10T00:00:00+00:00,1.051770,1.00,10.0,497.7400,548.3388,0,oos_2023_2024
2024-07-11T00:00:00+00:00,1.026927,1.00,10.0,486.8245,543.6110,0,oos_2023_2024
2024-07-12T00:00:00+00:00,1.033611,1.00,10.0,489.6845,547.0397,0,oos_2023_2024
2024-07-15T00:00:00+00:00,1.053912,1.00,10.0,491.0007,548.5441,0,oos_2023_2024
2024-07-16T00:00:00+00:00,1.054764,1.00,10.0,491.1888,551.7971,0,oos_2023_2024
2024-07-17T00:00:00+00:00,1.007973,1.00,10.0,476.7700,544.0602,0,oos_2023_2024
2024-07-18T00:00:00+00:00,1.000051,1.00,10.0,474.5136,539.8793,0,oos_2023_2024
2024-07-19T00:00:00+00:00,1.008746,1.00,10.0,470.3077,536.2941,0,oos_2023_2024
2024-07-22T00:00:00+00:00,1.031700,1.00,10.0,477.3143,541.8232,0,oos_2023_2024
2024-07-23T00:00:00+00:00,1.044608,1.00,10.0,475.6319,540.9734,0,oos_2023_2024
2024-07-24T00:00:00+00:00,0.991838,1.00,10.0,458.5708,528.7135,0,oos_2023_2024
2024-07-25T00:00:00+00:00,0.977166,1.00,10.0,453.5139,525.9587,0,oos_2023_2024
2024-07-26T00:00:00+00:00,0.989257,1.00,10.0,458.1650,531.8494,0,oos_2023_2024
2024-07-29T00:00:00+00:00,0.981434,1.00,10.0,459.0854,532.1620,0,oos_2023_2024
2024-07-30T00:00:00+00:00,0.953139,1.00,10.0,452.7815,529.4657,0,oos_2023_2024
2024-07-31T00:00:00+00:00,0.998994,1.00,10.0,466.1810,538.0720,0,oos_2023_2024
2024-08-01T00:00:00+00:00,0.962359,1.00,10.0,454.8894,530.4525,0,oos_2023_2024
2024-08-02T00:00:00+00:00,0.924936,1.00,10.0,444.0927,520.5762,0,oos_2023_2024
2024-08-05T00:00:00+00:00,0.894284,1.00,10.0,430.8515,505.4151,0,oos_2023_2024
2024-08-06T00:00:00+00:00,0.927019,1.00,10.0,434.9684,510.0748,0,oos_2023_2024
2024-08-07T00:00:00+00:00,0.902953,1.00,10.0,430.2577,506.6654,0,oos_2023_2024
2024-08-08T00:00:00+00:00,0.962831,1.00,10.0,443.4197,518.3782,0,oos_2023_2024
2024-08-09T00:00:00+00:00,0.974447,1.00,10.0,445.7355,520.6641,0,oos_2023_2024
2024-08-12T00:00:00+00:00,0.974567,1.00,10.0,446.6954,520.9376,0,oos_2023_2024
2024-08-13T00:00:00+00:00,1.002732,1.00,10.0,457.7791,529.5048,0,oos_2023_2024
2024-08-14T00:00:00+00:00,1.016380,1.00,10.0,457.9276,531.1752,0,oos_2023_2024
2024-08-15T00:00:00+00:00,1.039126,1.00,10.0,469.4962,540.2797,0,oos_2023_2024
2024-08-16T00:00:00+00:00,1.049379,1.00,10.0,470.0999,541.4911,0,oos_2023_2024
2024-08-19T00:00:00+00:00,1.061620,1.00,10.0,476.2752,546.6685,0,oos_2023_2024
2024-08-20T00:00:00+00:00,1.052867,1.00,10.0,475.2757,545.7795,0,oos_2023_2024
2024-08-21T00:00:00+00:00,1.070567,1.00,10.0,477.4923,547.6551,0,oos_2023_2024
2024-08-22T00:00:00+00:00,1.050764,1.00,10.0,469.9218,543.3569,0,oos_2023_2024
2024-08-23T00:00:00+00:00,1.073510,1.00,10.0,475.0184,549.1301,0,oos_2023_2024
2024-08-26T00:00:00+00:00,1.054636,1.00,10.0,470.4067,547.8211,0,oos_2023_2024
2024-08-27T00:00:00+00:00,1.061019,1.00,10.0,471.8120,548.5734,0,oos_2023_2024
2024-08-28T00:00:00+00:00,1.037111,1.00,10.0,466.4581,545.3887,0,oos_2023_2024
2024-08-29T00:00:00+00:00,1.038327,1.00,10.0,465.7753,545.4376,0,oos_2023_2024
2024-08-30T00:00:00+00:00,1.047953,1.00,10.0,471.3270,550.6443,1,oos_2023_2024
2024-09-03T00:00:00+00:00,0.986297,0.00,0.0,457.0171,539.3127,0,forward_2024_2026
2024-09-04T00:00:00+00:00,0.986297,0.00,0.0,455.8296,538.2088,0,forward_2024_2026
2024-09-05T00:00:00+00:00,0.986297,0.00,0.0,456.2551,536.8998,0,forward_2024_2026
2024-09-06T00:00:00+00:00,0.986297,0.00,0.0,444.0333,527.8636,0,forward_2024_2026
2024-09-09T00:00:00+00:00,0.986297,0.00,0.0,449.7434,533.7736,0,forward_2024_2026
2024-09-10T00:00:00+00:00,0.986297,0.00,0.0,453.8998,536.0987,0,forward_2024_2026
2024-09-11T00:00:00+00:00,0.986297,0.00,0.0,463.7564,541.5986,0,forward_2024_2026
2024-09-12T00:00:00+00:00,0.986297,0.00,0.0,468.3087,546.1606,0,forward_2024_2026
2024-09-13T00:00:00+00:00,0.986297,0.00,0.0,470.4067,549.0130,0,forward_2024_2026
2024-09-16T00:00:00+00:00,0.986297,0.00,0.0,468.3284,549.8239,0,forward_2024_2026
2024-09-17T00:00:00+00:00,0.986297,0.00,0.0,468.5759,550.0485,0,forward_2024_2026
2024-09-18T00:00:00+00:00,0.986297,0.00,0.0,466.5472,548.4172,0,forward_2024_2026
2024-09-19T00:00:00+00:00,0.986297,0.00,0.0,478.3434,557.7756,0,forward_2024_2026
2024-09-20T00:00:00+00:00,0.986297,0.00,0.0,477.4330,556.8114,0,forward_2024_2026
2024-09-23T00:00:00+00:00,0.986297,0.00,0.0,478.6985,558.2028,0,forward_2024_2026
2024-09-24T00:00:00+00:00,0.986297,0.00,0.0,481.0076,559.7999,0,forward_2024_2026
2024-09-25T00:00:00+00:00,0.986297,0.00,0.0,481.4536,558.5653,0,forward_2024_2026
2024-09-26T00:00:00+00:00,0.986297,0.00,0.0,485.0707,560.7798,0,forward_2024_2026
2024-09-27T00:00:00+00:00,0.986297,0.00,0.0,482.3752,559.9665,0,forward_2024_2026
2024-09-30T00:00:00+00:00,0.986297,0.00,0.0,483.6833,562.2104,0,forward_2024_2026
2024-10-01T00:00:00+00:00,0.979646,0.00,0.0,476.9444,557.1740,0,forward_2024_2026
2024-10-02T00:00:00+00:00,0.979646,0.00,0.0,477.6183,557.4091,0,forward_2024_2026
2024-10-03T00:00:00+00:00,0.979646,0.00,0.0,477.2615,556.3900,0,forward_2024_2026
2024-10-04T00:00:00+00:00,0.979646,0.00,0.0,482.9401,561.4462,0,forward_2024_2026
2024-10-07T00:00:00+00:00,0.979646,0.00,0.0,477.7670,556.3703,0,forward_2024_2026
2024-10-08T00:00:00+00:00,0.979646,0.00,0.0,484.9023,561.6323,0,forward_2024_2026
2024-10-09T00:00:00+00:00,0.979646,0.00,0.0,488.7177,565.5224,0,forward_2024_2026
2024-10-10T00:00:00+00:00,0.979646,0.00,0.0,488.1627,564.5327,0,forward_2024_2026
2024-10-11T00:00:00+00:00,0.979646,0.00,0.0,488.9258,567.9133,0,forward_2024_2026
2024-10-14T00:00:00+00:00,0.979646,0.00,0.0,493.0286,572.5579,0,forward_2024_2026
2024-10-15T00:00:00+00:00,0.979646,0.00,0.0,486.4383,568.1092,0,forward_2024_2026
2024-10-16T00:00:00+00:00,0.979646,0.00,0.0,486.4978,570.5786,0,forward_2024_2026
2024-10-17T00:00:00+00:00,0.979646,0.00,0.0,486.8347,570.6274,0,forward_2024_2026
2024-10-18T00:00:00+00:00,0.979646,0.00,0.0,490.0258,572.8224,0,forward_2024_2026
2024-10-21T00:00:00+00:00,0.979646,0.00,0.0,490.9673,571.8818,0,forward_2024_2026
2024-10-22T00:00:00+00:00,0.979646,0.00,0.0,491.5024,571.5779,0,forward_2024_2026
2024-10-23T00:00:00+00:00,0.979646,0.00,0.0,483.9707,566.3552,0,forward_2024_2026
2024-10-24T00:00:00+00:00,0.979646,0.00,0.0,487.8951,567.5801,0,forward_2024_2026
2024-10-25T00:00:00+00:00,0.979646,0.00,0.0,490.8682,567.3842,0,forward_2024_2026
2024-10-28T00:00:00+00:00,0.979646,0.00,0.0,490.9474,569.1381,0,forward_2024_2026
2024-10-29T00:00:00+00:00,0.979646,0.00,0.0,495.6647,570.0593,0,forward_2024_2026
2024-10-30T00:00:00+00:00,0.979646,0.00,0.0,491.9187,568.3345,0,forward_2024_2026
2024-10-31T00:00:00+00:00,0.979646,0.00,0.0,479.5013,557.1936,0,forward_2024_2026
2024-11-01T00:00:00+00:00,0.969911,0.00,0.0,483.0490,559.5452,0,forward_2024_2026
2024-11-04T00:00:00+00:00,0.969911,0.00,0.0,481.6418,558.3399,0,forward_2024_2026
2024-11-05T00:00:00+00:00,0.969911,0.00,0.0,487.7861,565.0912,0,forward_2024_2026
2024-11-06T00:00:00+00:00,0.969911,0.00,0.0,501.0359,579.1425,0,forward_2024_2026
2024-11-07T00:00:00+00:00,0.969911,0.00,0.0,508.9243,583.6205,0,forward_2024_2026
2024-11-08T00:00:00+00:00,0.969911,0.00,0.0,509.5190,586.1487,0,forward_2024_2026
2024-11-11T00:00:00+00:00,0.969911,0.00,0.0,509.2217,586.7072,0,forward_2024_2026
2024-11-12T00:00:00+00:00,0.969911,0.00,0.0,508.3000,584.8847,0,forward_2024_2026
2024-11-13T00:00:00+00:00,0.969911,0.00,0.0,507.6460,585.1688,0,forward_2024_2026
2024-11-14T00:00:00+00:00,0.969911,0.00,0.0,504.1180,581.4061,0,forward_2024_2026
2024-11-15T00:00:00+00:00,0.969911,0.00,0.0,492.1069,573.9592,0,forward_2024_2026
2024-11-18T00:00:00+00:00,0.969911,0.00,0.0,495.5259,576.3109,0,forward_2024_2026
2024-11-19T00:00:00+00:00,0.969911,0.00,0.0,498.9350,578.4175,0,forward_2024_2026
2024-11-20T00:00:00+00:00,0.969911,0.00,0.0,498.6476,578.6135,0,forward_2024_2026
2024-11-21T00:00:00+00:00,0.969911,0.00,0.0,500.4413,581.7196,0,forward_2024_2026
2024-11-22T00:00:00+00:00,0.969911,0.00,0.0,501.2441,583.5226,0,forward_2024_2026
2024-11-25T00:00:00+00:00,0.969911,0.00,0.0,502.0369,585.5020,0,forward_2024_2026
2024-11-26T00:00:00+00:00,0.969911,0.00,0.0,504.7324,588.5591,0,forward_2024_2026
2024-11-27T00:00:00+00:00,0.969911,0.00,0.0,500.7584,586.7758,0,forward_2024_2026
2024-11-29T00:00:00+00:00,0.969911,0.00,0.0,505.1585,590.4208,0,forward_2024_2026
2024-12-02T00:00:00+00:00,0.963178,0.00,0.0,510.6586,591.4791,0,forward_2024_2026
2024-12-03T00:00:00+00:00,0.963178,0.00,0.0,512.2245,591.7535,0,forward_2024_2026
2024-12-04T00:00:00+00:00,0.963178,0.00,0.0,518.5570,595.4279,0,forward_2024_2026
2024-12-05T00:00:00+00:00,0.963178,0.00,0.0,517.1201,594.4481,0,forward_2024_2026
2024-12-06T00:00:00+00:00,0.963178,0.00,0.0,521.7481,595.5750,0,forward_2024_2026
2024-12-09T00:00:00+00:00,0.963178,0.00,0.0,517.6849,592.5080,0,forward_2024_2026
2024-12-10T00:00:00+00:00,0.963178,0.00,0.0,515.9209,590.6658,0,forward_2024_2026
2024-12-11T00:00:00+00:00,0.963178,0.00,0.0,525.1571,595.2321,0,forward_2024_2026
2024-12-12T00:00:00+00:00,0.963178,0.00,0.0,521.7679,592.1651,0,forward_2024_2026
2024-12-13T00:00:00+00:00,0.963178,0.00,0.0,525.7617,592.0476,0,forward_2024_2026
2024-12-16T00:00:00+00:00,0.963178,0.00,0.0,533.3330,594.5754,0,forward_2024_2026
2024-12-17T00:00:00+00:00,0.963178,0.00,0.0,530.9844,592.1258,0,forward_2024_2026
2024-12-18T00:00:00+00:00,0.963178,0.00,0.0,511.8280,574.4784,0,forward_2024_2026
2024-12-19T00:00:00+00:00,0.963178,0.00,0.0,509.5487,574.3020,0,forward_2024_2026
2024-12-20T00:00:00+00:00,0.963178,0.00,0.0,513.9984,581.2000,0,forward_2024_2026
2024-12-23T00:00:00+00:00,0.963178,0.00,0.0,519.0061,584.6804,0,forward_2024_2026
2024-12-24T00:00:00+00:00,0.963178,0.00,0.0,526.0437,591.1791,0,forward_2024_2026
2024-12-26T00:00:00+00:00,0.963178,0.00,0.0,525.6863,591.2184,0,forward_2024_2026
2024-12-27T00:00:00+00:00,0.963178,0.00,0.0,518.6984,584.9949,0,forward_2024_2026
2024-12-30T00:00:00+00:00,0.963178,0.00,0.0,511.7998,578.3192,0,forward_2024_2026
2024-12-31T00:00:00+00:00,0.963178,0.00,0.0,507.4521,576.2153,0,forward_2024_2026
2025-01-02T00:00:00+00:00,0.958481,0.75,0.0,506.4595,574.7996,0,forward_2024_2026
2025-01-03T00:00:00+00:00,0.957715,0.75,0.0,514.7477,581.9865,0,forward_2024_2026
2025-01-06T00:00:00+00:00,0.956645,0.75,0.0,520.6638,585.3390,0,forward_2024_2026
2025-01-07T00:00:00+00:00,0.953948,0.75,0.0,511.3729,578.7225,0,forward_2024_2026
2025-01-08T00:00:00+00:00,0.954254,0.75,0.0,511.4623,579.5678,0,forward_2024_2026
2025-01-10T00:00:00+00:00,0.952673,0.75,0.0,503.4420,570.7192,0,forward_2024_2026
2025-01-13T00:00:00+00:00,0.952589,0.75,0.0,501.8240,571.6042,0,forward_2024_2026
2025-01-14T00:00:00+00:00,0.952199,0.75,0.0,501.3476,572.3907,0,forward_2024_2026
2025-01-15T00:00:00+00:00,0.956302,0.75,0.0,512.8817,582.8026,0,forward_2024_2026
2025-01-16T00:00:00+00:00,0.957074,0.75,0.0,509.2885,581.6818,0,forward_2024_2026
2025-01-17T00:00:00+00:00,0.957486,0.75,0.0,517.8845,587.5217,0,forward_2024_2026
2025-01-21T00:00:00+00:00,0.959627,0.75,0.0,520.9218,592.8996,0,forward_2024_2026
2025-01-22T00:00:00+00:00,0.958373,0.75,0.0,527.5822,596.2326,0,forward_2024_2026
2025-01-23T00:00:00+00:00,0.956511,0.75,0.0,528.7040,599.4869,0,forward_2024_2026
2025-01-24T00:00:00+00:00,0.957585,0.75,0.0,525.7162,597.7368,0,forward_2024_2026
2025-01-27T00:00:00+00:00,0.960412,0.75,0.0,510.4101,589.2816,0,forward_2024_2026
2025-01-28T00:00:00+00:00,0.960249,0.75,0.0,517.9539,594.3450,0,forward_2024_2026
2025-01-29T00:00:00+00:00,0.959759,0.75,0.0,516.9812,591.6805,0,forward_2024_2026
2025-01-30T00:00:00+00:00,0.960659,0.75,0.0,519.1848,594.8561,0,forward_2024_2026
2025-01-31T00:00:00+00:00,0.959082,0.75,0.0,518.4304,591.6903,0,forward_2024_2026
2025-02-03T00:00:00+00:00,0.957141,1.00,0.0,514.2812,587.7085,0,forward_2024_2026
2025-02-04T00:00:00+00:00,0.957141,1.00,0.0,520.5942,591.6511,0,forward_2024_2026
2025-02-05T00:00:00+00:00,0.957141,1.00,0.0,522.9567,594.0499,0,forward_2024_2026
2025-02-06T00:00:00+00:00,0.957141,1.00,0.0,525.6863,596.1146,0,forward_2024_2026
2025-02-07T00:00:00+00:00,0.957141,1.00,0.0,519.0557,590.6580,0,forward_2024_2026
2025-02-10T00:00:00+00:00,0.957141,1.00,0.0,525.3389,594.6693,0,forward_2024_2026
2025-02-11T00:00:00+00:00,0.957141,1.00,0.0,524.0883,595.1216,0,forward_2024_2026
2025-02-12T00:00:00+00:00,0.957141,1.00,0.0,524.3960,593.2043,0,forward_2024_2026
2025-02-13T00:00:00+00:00,0.957141,1.00,0.0,531.9398,599.4672,0,forward_2024_2026
2025-02-14T00:00:00+00:00,0.957141,1.00,0.0,534.1732,599.4377,0,forward_2024_2026
2025-02-18T00:00:00+00:00,0.957141,1.00,0.0,535.3842,601.1975,0,forward_2024_2026
2025-02-19T00:00:00+00:00,0.957141,1.00,0.0,535.5331,602.6133,0,forward_2024_2026
2025-02-20T00:00:00+00:00,0.957141,1.00,0.0,533.2599,600.1063,0,forward_2024_2026
2025-02-21T00:00:00+00:00,0.957141,1.00,0.0,522.1923,589.8420,0,forward_2024_2026
2025-02-24T00:00:00+00:00,0.957141,1.00,0.0,516.0283,587.1580,0,forward_2024_2026
2025-02-25T00:00:00+00:00,0.957141,1.00,0.0,509.5267,584.2379,0,forward_2024_2026
2025-02-26T00:00:00+00:00,0.957141,1.00,0.0,510.7575,584.5329,0,forward_2024_2026
2025-02-27T00:00:00+00:00,0.957141,1.00,0.0,496.5731,575.2026,0,forward_2024_2026
2025-02-28T00:00:00+00:00,0.957141,1.00,0.0,504.4147,584.1790,0,forward_2024_2026
2025-03-03T00:00:00+00:00,0.950837,0.25,0.0,493.3769,573.9442,0,forward_2024_2026
2025-03-04T00:00:00+00:00,0.939128,0.25,0.0,491.8880,567.1505,0,forward_2024_2026
2025-03-05T00:00:00+00:00,0.931630,0.25,0.0,498.3003,573.2460,0,forward_2024_2026
2025-03-06T00:00:00+00:00,0.928548,0.25,0.0,484.5923,563.0704,0,forward_2024_2026
2025-03-07T00:00:00+00:00,0.925570,0.25,0.0,488.1558,566.2263,0,forward_2024_2026
2025-03-10T00:00:00+00:00,0.935225,0.25,0.0,469.2367,551.1445,0,forward_2024_2026
2025-03-11T00:00:00+00:00,0.928548,0.25,0.0,468.1150,546.5629,0,forward_2024_2026
2025-03-12T00:00:00+00:00,0.923002,0.25,0.0,473.3957,549.4633,0,forward_2024_2026
2025-03-13T00:00:00+00:00,0.931116,0.25,0.0,464.8791,542.1387,0,forward_2024_2026
2025-03-14T00:00:00+00:00,0.926186,0.25,0.0,476.1154,553.3369,0,forward_2024_2026
2025-03-17T00:00:00+00:00,0.930808,0.25,0.0,479.2024,557.6039,0,forward_2024_2026
2025-03-18T00:00:00+00:00,0.931733,0.25,0.0,471.0333,551.5771,0,forward_2024_2026
2025-03-19T00:00:00+00:00,0.936560,0.25,0.0,477.3364,557.5842,0,forward_2024_2026
2025-03-20T00:00:00+00:00,0.937176,0.25,0.0,475.7184,555.9719,0,forward_2024_2026
2025-03-21T00:00:00+00:00,0.931630,0.25,0.0,477.2867,556.1553,0,forward_2024_2026
2025-03-24T00:00:00+00:00,0.922077,0.25,0.0,487.7604,566.1152,0,forward_2024_2026
2025-03-25T00:00:00+00:00,0.921974,0.25,0.0,490.5439,567.4760,0,forward_2024_2026
2025-03-26T00:00:00+00:00,0.915914,0.25,0.0,481.5175,560.7012,0,forward_2024_2026
2025-03-27T00:00:00+00:00,0.913244,0.25,0.0,478.7739,559.2123,0,forward_2024_2026
2025-03-28T00:00:00+00:00,0.925878,0.25,0.0,466.1688,547.9506,0,forward_2024_2026
2025-03-31T00:00:00+00:00,0.935019,0.25,0.0,466.1489,551.6289,0,forward_2024_2026
2025-04-01T00:00:00+00:00,0.932431,0.25,0.0,469.9066,553.1870,0,forward_2024_2026
2025-04-02T00:00:00+00:00,0.931819,0.25,0.0,473.3362,556.6877,0,forward_2024_2026
2025-04-03T00:00:00+00:00,0.936100,0.25,0.0,447.9968,529.2538,0,forward_2024_2026
2025-04-04T00:00:00+00:00,0.946291,0.25,0.0,420.1722,498.2697,0,forward_2024_2026
2025-04-07T00:00:00+00:00,0.917755,0.25,0.0,421.1862,497.3822,0,forward_2024_2026
2025-04-08T00:00:00+00:00,0.900429,0.25,0.0,413.6012,489.5918,0,forward_2024_2026
2025-04-09T00:00:00+00:00,0.905729,0.25,0.0,463.2461,541.0084,0,forward_2024_2026
2025-04-10T00:00:00+00:00,0.880759,0.25,0.0,443.5433,517.3019,0,forward_2024_2026
2025-04-11T00:00:00+00:00,0.885549,0.25,0.0,451.7147,526.5320,0,forward_2024_2026
2025-04-14T00:00:00+00:00,0.891868,0.25,0.0,454.7765,531.6402,0,forward_2024_2026
2025-04-15T00:00:00+00:00,0.895027,0.25,0.0,455.2835,530.1511,0,forward_2024_2026
2025-04-16T00:00:00+00:00,0.900021,0.25,0.0,441.5551,518.3669,0,forward_2024_2026
2025-04-17T00:00:00+00:00,0.892072,0.25,0.0,441.4756,519.1065,0,forward_2024_2026
2025-04-21T00:00:00+00:00,0.876479,0.25,0.0,430.5504,506.7504,0,forward_2024_2026
2025-04-22T00:00:00+00:00,0.881371,0.25,0.0,441.8533,519.9349,0,forward_2024_2026
2025-04-23T00:00:00+00:00,0.889932,0.25,0.0,451.8737,527.9915,0,forward_2024_2026
2025-04-24T00:00:00+00:00,0.899308,0.25,0.0,464.5882,539.1052,0,forward_2024_2026
2025-04-25T00:00:00+00:00,0.905933,0.25,0.0,469.7674,543.0004,0,forward_2024_2026
2025-04-28T00:00:00+00:00,0.911640,0.25,0.0,469.6183,543.2074,0,forward_2024_2026
2025-04-29T00:00:00+00:00,0.919284,0.25,0.0,472.7198,546.6293,0,forward_2024_2026
2025-04-30T00:00:00+00:00,0.911844,0.25,0.0,472.6602,546.8463,0,forward_2024_2026
2025-05-01T00:00:00+00:00,0.907027,1.00,0.0,478.8335,550.7217,0,forward_2024_2026
2025-05-02T00:00:00+00:00,0.907027,1.00,0.0,485.9412,558.8967,0,forward_2024_2026
2025-05-05T00:00:00+00:00,0.907027,1.00,0.0,483.0583,555.6918,0,forward_2024_2026
2025-05-06T00:00:00+00:00,0.907027,1.00,0.0,478.5650,551.0471,0,forward_2024_2026
2025-05-07T00:00:00+00:00,0.907027,1.00,0.0,480.4439,553.3646,0,forward_2024_2026
2025-05-08T00:00:00+00:00,0.907027,1.00,0.0,485.4044,557.2203,0,forward_2024_2026
2025-05-09T00:00:00+00:00,0.907027,1.00,0.0,485.0863,556.5103,0,forward_2024_2026
2025-05-12T00:00:00+00:00,0.907027,1.00,0.0,504.8488,574.9016,0,forward_2024_2026
2025-05-13T00:00:00+00:00,0.907027,1.00,0.0,512.5431,578.6982,0,forward_2024_2026
2025-05-14T00:00:00+00:00,0.907027,1.00,0.0,515.6148,579.4377,0,forward_2024_2026
2025-05-15T00:00:00+00:00,0.907027,1.00,0.0,516.1815,582.2678,0,forward_2024_2026
2025-05-16T00:00:00+00:00,0.907027,1.00,0.0,518.4281,585.9559,0,forward_2024_2026
2025-05-19T00:00:00+00:00,0.907027,1.00,0.0,518.9252,586.5969,0,forward_2024_2026
2025-05-20T00:00:00+00:00,0.907027,1.00,0.0,517.1954,584.6247,0,forward_2024_2026
2025-05-21T00:00:00+00:00,0.907027,1.00,0.0,510.0081,574.7733,0,forward_2024_2026
2025-05-22T00:00:00+00:00,0.907027,1.00,0.0,510.9624,575.0002,0,forward_2024_2026
2025-05-23T00:00:00+00:00,0.907027,1.00,0.0,506.2306,571.0753,0,forward_2024_2026
2025-05-27T00:00:00+00:00,0.907027,1.00,0.0,518.1398,582.9483,0,forward_2024_2026
2025-05-28T00:00:00+00:00,0.907027,1.00,0.0,515.8434,579.5757,0,forward_2024_2026
2025-05-29T00:00:00+00:00,0.907027,1.00,0.0,516.8574,581.8636,0,forward_2024_2026
2025-05-30T00:00:00+00:00,0.907027,1.00,0.0,516.0423,581.2127,0,forward_2024_2026
2025-06-02T00:00:00+00:00,0.907027,1.00,0.0,520.1182,584.4867,0,forward_2024_2026
2025-06-03T00:00:00+00:00,0.907027,1.00,0.0,524.1838,587.8198,0,forward_2024_2026
2025-06-04T00:00:00+00:00,0.907027,1.00,0.0,525.6452,587.6619,0,forward_2024_2026
2025-06-05T00:00:00+00:00,0.907027,1.00,0.0,521.6887,584.8220,0,forward_2024_2026
2025-06-06T00:00:00+00:00,0.907027,1.00,0.0,526.7883,590.8275,0,forward_2024_2026
2025-06-09T00:00:00+00:00,0.907027,1.00,0.0,527.5638,591.3600,0,forward_2024_2026
2025-06-10T00:00:00+00:00,0.907027,1.00,0.0,531.0531,594.7128,0,forward_2024_2026
2025-06-11T00:00:00+00:00,0.907027,1.00,0.0,529.2637,593.0167,0,forward_2024_2026
2025-06-12T00:00:00+00:00,0.907027,1.00,0.0,530.5062,595.3735,0,forward_2024_2026
2025-06-13T00:00:00+00:00,0.907027,1.00,0.0,523.8459,588.7172,0,forward_2024_2026
2025-06-16T00:00:00+00:00,0.907027,1.00,0.0,531.1325,594.3183,0,forward_2024_2026
2025-06-17T00:00:00+00:00,0.907027,1.00,0.0,525.9534,589.2399,0,forward_2024_2026
2025-06-18T00:00:00+00:00,0.907027,1.00,0.0,525.8639,589.1510,0,forward_2024_2026
2025-06-20T00:00:00+00:00,0.907027,1.00,0.0,523.7167,587.7674,0,forward_2024_2026
2025-06-23T00:00:00+00:00,0.907027,1.00,0.0,529.1017,593.5731,0,forward_2024_2026
2025-06-24T00:00:00+00:00,0.907027,1.00,0.0,537.1929,600.1304,0,forward_2024_2026
2025-06-25T00:00:00+00:00,0.907027,1.00,0.0,538.5661,600.4666,0,forward_2024_2026
2025-06-26T00:00:00+00:00,0.907027,1.00,0.0,543.6019,605.1646,0,forward_2024_2026
2025-06-27T00:00:00+00:00,0.907027,1.00,0.0,545.4630,608.1712,0,forward_2024_2026
2025-06-30T00:00:00+00:00,0.907027,1.00,0.0,548.9959,611.0790,0,forward_2024_2026
2025-07-01T00:00:00+00:00,0.907027,1.00,0.0,544.3682,610.8813,0,forward_2024_2026
2025-07-02T00:00:00+00:00,0.907027,1.00,0.0,548.1599,613.6506,0,forward_2024_2026
2025-07-03T00:00:00+00:00,0.907027,1.00,0.0,553.5540,618.4870,0,forward_2024_2026
2025-07-07T00:00:00+00:00,0.907027,1.00,0.0,549.3841,613.8780,0,forward_2024_2026
2025-07-08T00:00:00+00:00,0.907027,1.00,0.0,549.6926,613.5418,0,forward_2024_2026
2025-07-09T00:00:00+00:00,0.907027,1.00,0.0,553.5839,617.2210,0,forward_2024_2026
2025-07-10T00:00:00+00:00,0.907027,1.00,0.0,552.7877,618.9618,0,forward_2024_2026
2025-07-11T00:00:00+00:00,0.907027,1.00,0.0,551.5436,616.7858,0,forward_2024_2026
2025-07-14T00:00:00+00:00,0.907027,1.00,0.0,553.5441,617.9628,0,forward_2024_2026
2025-07-15T00:00:00+00:00,0.907027,1.00,0.0,554.0515,615.3221,0,forward_2024_2026
2025-07-16T00:00:00+00:00,0.907027,1.00,0.0,554.6188,617.3792,0,forward_2024_2026
2025-07-17T00:00:00+00:00,0.907027,1.00,0.0,559.1072,621.1573,0,forward_2024_2026
2025-07-18T00:00:00+00:00,0.907027,1.00,0.0,558.5698,620.7025,0,forward_2024_2026
2025-07-21T00:00:00+00:00,0.907027,1.00,0.0,561.4659,621.8794,0,forward_2024_2026
2025-07-22T00:00:00+00:00,0.907027,1.00,0.0,558.5599,621.9684,0,forward_2024_2026
2025-07-23T00:00:00+00:00,0.907027,1.00,0.0,561.1076,627.2598,0,forward_2024_2026
2025-07-24T00:00:00+00:00,0.907027,1.00,0.0,562.3018,627.4675,0,forward_2024_2026
2025-07-25T00:00:00+00:00,0.907027,1.00,0.0,563.6553,630.1181,0,forward_2024_2026
2025-07-28T00:00:00+00:00,0.907027,1.00,0.0,565.4169,629.9599,0,forward_2024_2026
2025-07-29T00:00:00+00:00,0.907027,1.00,0.0,564.5411,628.2983,0,forward_2024_2026
2025-07-30T00:00:00+00:00,0.907027,1.00,0.0,565.2974,627.5071,0,forward_2024_2026
2025-07-31T00:00:00+00:00,0.907027,1.00,0.0,562.3018,625.1532,0,forward_2024_2026
2025-08-01T00:00:00+00:00,0.882364,1.00,10.0,551.2252,614.9066,0,forward_2024_2026
2025-08-04T00:00:00+00:00,0.919228,1.00,10.0,561.3962,624.2531,0,forward_2024_2026
2025-08-05T00:00:00+00:00,0.919226,1.00,10.0,557.5846,621.0881,0,forward_2024_2026
2025-08-06T00:00:00+00:00,0.956653,1.00,10.0,564.6008,625.8455,0,forward_2024_2026
2025-08-07T00:00:00+00:00,0.976096,1.00,10.0,566.5115,625.3212,0,forward_2024_2026
2025-08-08T00:00:00+00:00,0.981285,1.00,10.0,571.7961,630.1972,0,forward_2024_2026
2025-08-11T00:00:00+00:00,0.981740,1.00,10.0,570.1042,628.9510,0,forward_2024_2026
2025-08-12T00:00:00+00:00,0.989478,1.00,10.0,577.2697,635.6469,0,forward_2024_2026
2025-08-13T00:00:00+00:00,0.980749,1.00,10.0,577.5584,637.8228,0,forward_2024_2026
2025-08-14T00:00:00+00:00,0.966441,1.00,10.0,577.1105,637.8821,0,forward_2024_2026
2025-08-15T00:00:00+00:00,0.978346,1.00,10.0,574.5728,636.3887,0,forward_2024_2026
2025-08-18T00:00:00+00:00,0.980810,1.00,10.0,574.3439,636.2501,0,forward_2024_2026
2025-08-19T00:00:00+00:00,0.944654,1.00,10.0,566.5514,632.7984,0,forward_2024_2026
2025-08-20T00:00:00+00:00,0.933925,1.00,10.0,563.1876,631.1170,0,forward_2024_2026
2025-08-21T00:00:00+00:00,0.947509,1.00,10.0,560.5802,628.5851,0,forward_2024_2026
2025-08-22T00:00:00+00:00,0.976364,1.00,10.0,569.2285,638.2382,0,forward_2024_2026
2025-08-25T00:00:00+00:00,0.975813,1.00,10.0,567.5865,635.4293,0,forward_2024_2026
2025-08-26T00:00:00+00:00,0.989154,1.00,10.0,569.8654,638.0898,0,forward_2024_2026
2025-08-27T00:00:00+00:00,0.976717,1.00,10.0,570.7412,639.5436,0,forward_2024_2026
2025-08-28T00:00:00+00:00,1.010377,1.00,10.0,574.3140,641.8085,0,forward_2024_2026
2025-08-29T00:00:00+00:00,0.994734,1.00,10.0,567.6660,637.9810,0,forward_2024_2026
2025-09-02T00:00:00+00:00,0.969634,1.00,10.0,562.9090,633.2534,0,forward_2024_2026
2025-09-03T00:00:00+00:00,0.965942,1.00,10.0,567.3376,636.6854,0,forward_2024_2026
2025-09-04T00:00:00+00:00,0.977514,1.00,10.0,572.4728,642.0063,0,forward_2024_2026
2025-09-05T00:00:00+00:00,0.990502,1.00,10.0,573.2989,640.1470,0,forward_2024_2026
2025-09-08T00:00:00+00:00,1.028282,1.00,10.0,576.0954,641.7195,0,forward_2024_2026
2025-09-09T00:00:00+00:00,1.031866,1.00,10.0,577.7275,643.2032,0,forward_2024_2026
2025-09-10T00:00:00+00:00,1.042028,1.00,10.0,577.9167,645.0626,0,forward_2024_2026
2025-09-11T00:00:00+00:00,1.051593,1.00,10.0,581.2805,650.4231,0,forward_2024_2026
2025-09-12T00:00:00+00:00,1.062999,1.00,10.0,583.8481,650.2056,0,forward_2024_2026
2025-09-15T00:00:00+00:00,1.084399,1.00,10.0,588.8440,653.6672,0,forward_2024_2026
2025-09-16T00:00:00+00:00,1.081156,1.00,10.0,588.3464,652.7672,0,forward_2024_2026
2025-09-17T00:00:00+00:00,1.077036,1.00,10.0,587.1721,651.9561,0,forward_2024_2026
2025-09-18T00:00:00+00:00,1.097052,1.00,10.0,592.4666,655.0024,0,forward_2024_2026
2025-09-19T00:00:00+00:00,1.124700,1.00,10.0,596.4772,658.2465,0,forward_2024_2026
2025-09-22T00:00:00+00:00,1.125285,1.00,10.0,600.0084,661.3607,0,forward_2024_2026
2025-09-23T00:00:00+00:00,1.113540,1.00,10.0,596.0229,657.7606,0,forward_2024_2026
2025-09-24T00:00:00+00:00,1.109000,1.00,10.0,593.9305,655.6678,0,forward_2024_2026
2025-09-25T00:00:00+00:00,1.098534,1.00,10.0,591.3699,652.6429,0,forward_2024_2026
2025-09-26T00:00:00+00:00,1.106085,1.00,10.0,593.8010,656.3820,0,forward_2024_2026
2025-09-29T00:00:00+00:00,1.134577,1.00,10.0,596.5510,658.2267,0,forward_2024_2026
2025-09-30T00:00:00+00:00,1.138518,1.00,10.0,598.1851,660.7061,0,forward_2024_2026
2025-10-01T00:00:00+00:00,1.096676,1.00,10.0,601.0545,662.9575,0,forward_2024_2026
2025-10-02T00:00:00+00:00,1.116375,1.00,10.0,603.5255,663.7211,0,forward_2024_2026
2025-10-03T00:00:00+00:00,1.109550,1.00,10.0,600.9848,663.7112,0,forward_2024_2026
2025-10-06T00:00:00+00:00,1.111261,1.00,10.0,605.4983,666.0915,0,forward_2024_2026
2025-10-07T00:00:00+00:00,1.112603,1.00,10.0,602.3099,663.6219,0,forward_2024_2026
2025-10-08T00:00:00+00:00,1.140533,1.00,10.0,609.2147,667.5792,0,forward_2024_2026
2025-10-09T00:00:00+00:00,1.134464,1.00,10.0,608.4774,665.6452,0,forward_2024_2026
2025-10-10T00:00:00+00:00,1.066336,1.00,10.0,587.3546,647.6542,0,forward_2024_2026
2025-10-13T00:00:00+00:00,1.107172,1.00,10.0,599.8190,657.5919,0,forward_2024_2026
2025-10-14T00:00:00+00:00,1.094489,1.00,10.0,595.8237,656.7886,0,forward_2024_2026
2025-10-15T00:00:00+00:00,1.109248,1.00,10.0,600.0283,659.7044,0,forward_2024_2026
2025-10-16T00:00:00+00:00,1.103044,1.00,10.0,597.8064,655.2117,0,forward_2024_2026
2025-10-17T00:00:00+00:00,1.098546,1.00,10.0,601.7321,658.9308,0,forward_2024_2026
2025-10-20T00:00:00+00:00,1.121390,1.00,10.0,609.3143,665.7841,0,forward_2024_2026
2025-10-21T00:00:00+00:00,1.111341,1.00,10.0,609.1550,665.7741,0,forward_2024_2026
2025-10-22T00:00:00+00:00,1.090180,1.00,10.0,603.2864,662.3128,0,forward_2024_2026
2025-10-23T00:00:00+00:00,1.130214,1.00,10.0,608.3578,666.2403,0,forward_2024_2026
2025-10-24T00:00:00+00:00,1.166665,1.00,10.0,614.8541,671.6852,0,forward_2024_2026
2025-10-27T00:00:00+00:00,1.199077,1.00,10.0,625.8041,679.6095,0,forward_2024_2026
2025-10-28T00:00:00+00:00,1.209450,1.00,10.0,630.6166,681.4145,0,forward_2024_2026
2025-10-29T00:00:00+00:00,1.225848,1.00,10.0,633.4562,681.7419,0,forward_2024_2026
2025-10-30T00:00:00+00:00,1.198216,1.00,10.0,623.7715,674.2440,0,forward_2024_2026
2025-10-31T00:00:00+00:00,1.228777,1.00,10.0,626.7806,676.4556,0,forward_2024_2026
2025-11-03T00:00:00+00:00,1.162801,1.00,10.0,629.7796,677.7252,0,forward_2024_2026
2025-11-04T00:00:00+00:00,1.113579,1.00,10.0,616.9963,669.6917,0,forward_2024_2026
2025-11-05T00:00:00+00:00,1.143972,1.00,10.0,621.0117,672.0125,0,forward_2024_2026
2025-11-06T00:00:00+00:00,1.119416,1.00,10.0,609.4439,664.8022,0,forward_2024_2026
2025-11-07T00:00:00+00:00,1.113178,1.00,10.0,607.5209,665.4567,0,forward_2024_2026
2025-11-10T00:00:00+00:00,1.161463,1.00,10.0,620.9619,675.8408,0,forward_2024_2026
2025-11-11T00:00:00+00:00,1.126089,1.00,10.0,619.3079,677.3879,0,forward_2024_2026
2025-11-12T00:00:00+00:00,1.130268,1.00,10.0,618.8196,677.7648,0,forward_2024_2026
2025-11-13T00:00:00+00:00,1.081901,1.00,10.0,606.1859,666.5180,0,forward_2024_2026
2025-11-14T00:00:00+00:00,1.081073,1.00,10.0,606.6441,666.4089,0,forward_2024_2026
2025-11-17T00:00:00+00:00,1.070865,1.00,10.0,601.4631,660.2003,0,forward_2024_2026
2025-11-18T00:00:00+00:00,1.045546,1.00,10.0,594.1397,654.6562,0,forward_2024_2026
2025-11-19T00:00:00+00:00,1.060989,1.00,10.0,597.6868,657.1853,0,forward_2024_2026
2025-11-20T00:00:00+00:00,1.007990,1.00,10.0,583.5385,647.1683,0,forward_2024_2026
2025-11-21T00:00:00+00:00,1.011655,1.00,10.0,587.9225,653.6149,0,forward_2024_2026
2025-11-24T00:00:00+00:00,1.071849,1.00,10.0,602.9576,663.2352,0,forward_2024_2026
2025-11-25T00:00:00+00:00,1.080731,1.00,10.0,606.6741,669.4734,0,forward_2024_2026
2025-11-26T00:00:00+00:00,1.104059,1.00,10.0,612.0344,674.0952,0,forward_2024_2026
2025-11-28T00:00:00+00:00,1.119552,1.00,10.0,616.9963,677.7747,0,forward_2024_2026
2025-12-01T00:00:00+00:00,1.074785,0.75,10.0,614.9238,674.6803,0,forward_2024_2026
2025-12-02T00:00:00+00:00,1.103902,0.75,10.0,619.7363,675.9301,0,forward_2024_2026
2025-12-03T00:00:00+00:00,1.118145,0.75,10.0,621.2507,678.2706,0,forward_2024_2026
2025-12-04T00:00:00+00:00,1.114928,0.75,10.0,620.6729,678.7665,0,forward_2024_2026
2025-12-05T00:00:00+00:00,1.121647,0.75,10.0,623.2036,680.0558,0,forward_2024_2026
2025-12-08T00:00:00+00:00,1.132685,0.75,10.0,622.0080,678.0128,0,forward_2024_2026
2025-12-09T00:00:00+00:00,1.141979,0.75,10.0,622.7751,677.4276,0,forward_2024_2026
2025-12-10T00:00:00+00:00,1.154800,0.75,10.0,625.3259,681.9204,0,forward_2024_2026
2025-12-11T00:00:00+00:00,1.141341,0.75,10.0,623.3033,683.5073,0,forward_2024_2026
2025-12-12T00:00:00+00:00,1.107548,0.75,10.0,611.3868,676.1581,0,forward_2024_2026
2025-12-15T00:00:00+00:00,1.103577,0.75,10.0,608.3180,675.1365,0,forward_2024_2026
2025-12-16T00:00:00+00:00,1.109613,0.75,10.0,609.5236,673.2919,0,forward_2024_2026
2025-12-17T00:00:00+00:00,1.078070,0.75,10.0,598.2249,665.8832,0,forward_2024_2026
2025-12-18T00:00:00+00:00,1.111826,0.75,10.0,606.8932,670.9115,0,forward_2024_2026
2025-12-19T00:00:00+00:00,1.140004,0.75,10.0,614.8043,676.9923,0,forward_2024_2026
2025-12-22T00:00:00+00:00,1.154026,0.75,10.0,617.7513,681.2098,0,forward_2024_2026
2025-12-23T00:00:00+00:00,1.153266,0.75,10.0,620.6445,684.3233,0,forward_2024_2026
2025-12-24T00:00:00+00:00,1.159867,0.75,10.0,622.4603,686.7305,0,forward_2024_2026
2025-12-26T00:00:00+00:00,1.152949,0.75,10.0,622.4203,686.6609,0,forward_2024_2026
2025-12-29T00:00:00+00:00,1.147177,0.75,10.0,619.4074,684.2139,0,forward_2024_2026
2025-12-30T00:00:00+00:00,1.139300,0.75,10.0,617.9708,683.3783,0,forward_2024_2026
2025-12-31T00:00:00+00:00,1.123962,0.75,10.0,612.8629,678.3152,0,forward_2024_2026
2026-01-02T00:00:00+00:00,1.083047,1.00,10.0,611.6757,679.5586,0,forward_2024_2026
2026-01-05T00:00:00+00:00,1.104687,1.00,10.0,616.5342,684.0846,0,forward_2024_2026
2026-01-06T00:00:00+00:00,1.129414,1.00,10.0,621.9514,688.1530,0,forward_2024_2026
2026-01-07T00:00:00+00:00,1.122152,1.00,10.0,622.5500,685.9348,0,forward_2024_2026
2026-01-08T00:00:00+00:00,1.102188,1.00,10.0,619.0084,685.8651,0,forward_2024_2026
2026-01-09T00:00:00+00:00,1.128205,1.00,10.0,625.1738,690.4010,0,forward_2024_2026
2026-01-12T00:00:00+00:00,1.139436,1.00,10.0,625.6926,691.4852,0,forward_2024_2026
2026-01-13T00:00:00+00:00,1.148554,1.00,10.0,624.7648,690.1026,0,forward_2024_2026
2026-01-14T00:00:00+00:00,1.133287,1.00,10.0,618.0905,686.7106,0,forward_2024_2026
2026-01-15T00:00:00+00:00,1.141888,1.00,10.0,620.3153,688.5807,0,forward_2024_2026
2026-01-16T00:00:00+00:00,1.150701,1.00,10.0,619.7965,688.0037,0,forward_2024_2026
2026-01-20T00:00:00+00:00,1.124004,1.00,10.0,606.6276,673.9982,0,forward_2024_2026
2026-01-21T00:00:00+00:00,1.147620,1.00,10.0,614.8282,681.7769,0,forward_2024_2026
2026-01-22T00:00:00+00:00,1.150511,1.00,10.0,619.2977,685.3380,0,forward_2024_2026
2026-01-23T00:00:00+00:00,1.152457,1.00,10.0,621.2531,685.5865,0,forward_2024_2026
2026-01-26T00:00:00+00:00,1.147987,1.00,10.0,623.9866,689.0681,0,forward_2024_2026
2026-01-27T00:00:00+00:00,1.167587,1.00,10.0,629.6432,691.8135,0,forward_2024_2026
2026-01-28T00:00:00+00:00,1.171180,1.00,10.0,631.7283,691.7438,0,forward_2024_2026
2026-01-29T00:00:00+00:00,1.173914,1.00,10.0,627.9473,690.3712,0,forward_2024_2026
2026-01-30T00:00:00+00:00,1.137336,1.00,10.0,620.4051,688.3121,0,forward_2024_2026
2026-02-02T00:00:00+00:00,1.075765,1.00,10.0,624.6650,691.7339,0,forward_2024_2026
2026-02-03T00:00:00+00:00,1.064676,1.00,10.0,615.0677,685.8850,0,forward_2024_2026
2026-02-04T00:00:00+00:00,1.011728,1.00,10.0,604.3231,682.5627,0,forward_2024_2026
2026-02-05T00:00:00+00:00,0.999411,1.00,10.0,595.6237,674.0380,0,forward_2024_2026
2026-02-06T00:00:00+00:00,1.048121,1.00,10.0,608.2139,686.9692,0,forward_2024_2026
2026-02-09T00:00:00+00:00,1.046247,1.00,10.0,612.8729,690.2816,0,forward_2024_2026
2026-02-10T00:00:00+00:00,1.034085,1.00,10.0,610.0295,688.4613,0,forward_2024_2026
2026-02-11T00:00:00+00:00,1.058009,1.00,10.0,611.6657,688.3022,0,forward_2024_2026
2026-02-12T00:00:00+00:00,1.040049,1.00,10.0,599.2251,677.6687,0,forward_2024_2026
2026-02-13T00:00:00+00:00,1.059894,1.00,10.0,600.5021,678.1461,0,forward_2024_2026
2026-02-17T00:00:00+00:00,1.062911,1.00,10.0,599.8835,679.2403,0,forward_2024_2026
2026-02-18T00:00:00+00:00,1.076237,1.00,10.0,604.3629,682.6621,0,forward_2024_2026
2026-02-19T00:00:00+00:00,1.075626,1.00,10.0,602.0484,680.8617,0,forward_2024_2026
2026-02-20T00:00:00+00:00,1.091327,1.00,10.0,607.3759,685.7856,0,forward_2024_2026
2026-02-23T00:00:00+00:00,1.076199,1.00,10.0,599.9932,678.7828,0,forward_2024_2026
2026-02-24T00:00:00+00:00,1.084785,1.00,10.0,606.4380,683.7165,0,forward_2024_2026
2026-02-25T00:00:00+00:00,1.104482,1.00,10.0,615.2273,689.4859,0,forward_2024_2026
2026-02-26T00:00:00+00:00,1.083752,1.00,10.0,607.8048,685.6562,0,forward_2024_2026
2026-02-27T00:00:00+00:00,1.079907,1.00,10.0,605.8594,682.3637,0,forward_2024_2026
2026-03-02T00:00:00+00:00,1.063874,0.00,0.0,606.6575,682.7516,0,forward_2024_2026
2026-03-03T00:00:00+00:00,1.063874,0.00,0.0,600.1629,676.7337,0,forward_2024_2026
2026-03-04T00:00:00+00:00,1.063874,0.00,0.0,609.3113,681.5083,0,forward_2024_2026
2026-03-05T00:00:00+00:00,1.063874,0.00,0.0,607.4755,677.7084,0,forward_2024_2026
2026-03-06T00:00:00+00:00,1.063874,0.00,0.0,598.3372,668.8256,0,forward_2024_2026
2026-03-09T00:00:00+00:00,1.063874,0.00,0.0,606.3283,674.6845,0,forward_2024_2026
2026-03-10T00:00:00+00:00,1.063874,0.00,0.0,606.3383,673.6003,0,forward_2024_2026
2026-03-11T00:00:00+00:00,1.063874,0.00,0.0,606.2585,672.7548,0,forward_2024_2026
2026-03-12T00:00:00+00:00,1.063874,0.00,0.0,595.8531,662.5391,0,forward_2024_2026
2026-03-13T00:00:00+00:00,1.063874,0.00,0.0,592.3214,658.7890,0,forward_2024_2026
2026-03-16T00:00:00+00:00,1.063874,0.00,0.0,598.9657,665.4934,0,forward_2024_2026
2026-03-17T00:00:00+00:00,1.063874,0.00,0.0,601.8888,667.2440,0,forward_2024_2026
2026-03-18T00:00:00+00:00,1.063874,0.00,0.0,593.4987,657.9335,0,forward_2024_2026
2026-03-19T00:00:00+00:00,1.063874,0.00,0.0,591.6230,656.3121,0,forward_2024_2026
2026-03-20T00:00:00+00:00,1.063874,0.00,0.0,580.6888,646.9034,0,forward_2024_2026
2026-03-23T00:00:00+00:00,1.063874,0.00,0.0,587.3546,653.6959,0,forward_2024_2026
2026-03-24T00:00:00+00:00,1.063874,0.00,0.0,583.3389,651.5016,0,forward_2024_2026
2026-03-25T00:00:00+00:00,1.063874,0.00,0.0,587.1747,655.1322,0,forward_2024_2026
2026-03-26T00:00:00+00:00,1.063874,0.00,0.0,573.1601,643.4324,0,forward_2024_2026
2026-03-27T00:00:00+00:00,1.063874,0.00,0.0,561.9625,632.4606,0,forward_2024_2026
2026-03-30T00:00:00+00:00,1.063874,0.00,0.0,557.6672,630.3461,0,forward_2024_2026
2026-03-31T00:00:00+00:00,1.063874,0.00,0.0,576.5464,648.6689,0,forward_2024_2026
2026-04-01T00:00:00+00:00,1.013845,1.00,10.0,583.6686,653.5563,0,forward_2024_2026
2026-04-02T00:00:00+00:00,1.017625,1.00,10.0,584.3378,654.1448,0,forward_2024_2026
2026-04-06T00:00:00+00:00,1.030278,1.00,10.0,587.8540,657.2368,0,forward_2024_2026
2026-04-07T00:00:00+00:00,1.042442,1.00,10.0,587.9439,657.5260,0,forward_2024_2026
2026-04-08T00:00:00+00:00,1.102184,1.00,10.0,605.4247,674.2729,0,forward_2024_2026
2026-04-09T00:00:00+00:00,1.128142,1.00,10.0,609.5202,678.1628,0,forward_2024_2026
2026-04-10T00:00:00+00:00,1.153762,1.00,10.0,610.3992,677.7141,0,forward_2024_2026
2026-04-13T00:00:00+00:00,1.166773,1.00,10.0,616.7123,684.3370,0,forward_2024_2026
2026-04-14T00:00:00+00:00,1.200199,1.00,10.0,627.9099,692.6755,0,forward_2024_2026
2026-04-15T00:00:00+00:00,1.204213,1.00,10.0,636.7003,698.1414,0,forward_2024_2026
2026-04-16T00:00:00+00:00,1.211241,1.00,10.0,639.7669,699.8570,0,forward_2024_2026
2026-04-17T00:00:00+00:00,1.236889,1.00,10.0,648.1377,708.3152,0,forward_2024_2026
2026-04-20T00:00:00+00:00,1.237311,1.00,10.0,646.0800,706.8988,0,forward_2024_2026
2026-04-21T00:00:00+00:00,1.234765,1.00,10.0,643.6227,702.2708,0,forward_2024_2026
2026-04-22T00:00:00+00:00,1.281610,1.00,10.0,654.3909,709.3825,0,forward_2024_2026
2026-04-23T00:00:00+00:00,1.278145,1.00,10.0,650.7049,706.6296,0,forward_2024_2026
2026-04-24T00:00:00+00:00,1.324824,1.00,10.0,663.1512,712.1055,0,forward_2024_2026
2026-04-27T00:00:00+00:00,1.317129,1.00,10.0,663.5009,713.3323,0,forward_2024_2026
2026-04-28T00:00:00+00:00,1.274673,1.00,10.0,656.8282,709.8612,0,forward_2024_2026
2026-04-29T00:00:00+00:00,1.286154,1.00,10.0,660.8438,709.7515,0,forward_2024_2026
2026-04-30T00:00:00+00:00,1.318719,1.00,10.0,667.0070,716.8133,0,forward_2024_2026
2026-05-01T00:00:00+00:00,1.258084,1.00,10.0,673.4100,718.7982,0,forward_2024_2026
2026-05-04T00:00:00+00:00,1.264828,1.00,10.0,672.1414,716.1650,0,forward_2024_2026
2026-05-05T00:00:00+00:00,1.290828,1.00,10.0,680.8618,721.9102,0,forward_2024_2026
2026-05-06T00:00:00+00:00,1.318364,1.00,10.0,695.0062,731.9443,0,forward_2024_2026
2026-05-07T00:00:00+00:00,1.323427,1.00,10.0,694.1771,729.7001,0,forward_2024_2026
2026-05-08T00:00:00+00:00,1.376879,1.00,10.0,710.4492,735.7246,0,forward_2024_2026
2026-05-11T00:00:00+00:00,1.378369,1.00,10.0,712.5070,737.4003,0,forward_2024_2026
2026-05-12T00:00:00+00:00,1.368658,1.00,10.0,706.4636,736.2831,0,forward_2024_2026
2026-05-13T00:00:00+00:00,1.399193,1.00,10.0,713.9255,740.4025,0,forward_2024_2026
2026-05-14T00:00:00+00:00,1.427263,1.00,10.0,718.9998,746.2475,0,forward_2024_2026
2026-05-15T00:00:00+00:00,1.410148,1.00,10.0,708.1518,737.2706,0,forward_2024_2026
2026-05-18T00:00:00+00:00,1.404838,1.00,10.0,705.1051,736.7520,0,forward_2024_2026
2026-05-19T00:00:00+00:00,1.391891,1.00,10.0,700.7599,731.8446,0,forward_2024_2026
2026-05-20T00:00:00+00:00,1.439486,1.00,10.0,712.3672,739.3453,0,forward_2024_2026
2026-05-21T00:00:00+00:00,1.446488,1.00,10.0,713.7256,740.8115,0,forward_2024_2026
2026-05-22T00:00:00+00:00,1.467862,1.00,10.0,716.7523,743.7240,0,forward_2024_2026
2026-05-26T00:00:00+00:00,1.501037,1.00,10.0,729.4784,748.6613,0,forward_2024_2026
2026-05-27T00:00:00+00:00,1.474162,1.00,10.0,728.6493,748.5316,0,forward_2024_2026
2026-05-28T00:00:00+00:00,1.504754,1.00,10.0,734.7925,752.6609,0,forward_2024_2026
2026-05-29T00:00:00+00:00,1.538909,1.00,10.0,737.4995,754.5361,0,forward_2024_2026
2026-06-01T00:00:00+00:00,1.437816,1.00,10.0,741.9247,756.5908,0,forward_2024_2026
2026-06-02T00:00:00+00:00,1.424993,1.00,10.0,745.3409,757.6182,0,forward_2024_2026
2026-06-03T00:00:00+00:00,1.370671,1.00,10.0,743.3931,752.3019,0,forward_2024_2026
2026-06-04T00:00:00+00:00,1.355388,1.00,10.0,739.7970,755.1446,0,forward_2024_2026
2026-06-05T00:00:00+00:00,1.311620,1.00,10.0,704.2860,735.6548,0,forward_2024_2026
2026-06-08T00:00:00+00:00,1.312796,1.00,10.0,715.2839,737.3204,0,forward_2024_2026
2026-06-09T00:00:00+00:00,1.289072,1.00,10.0,707.0530,735.1561,0,forward_2024_2026
2026-06-10T00:00:00+00:00,1.266836,1.00,10.0,692.9285,723.5659,0,forward_2024_2026
2026-06-11T00:00:00+00:00,1.298079,1.00,10.0,716.3328,735.8643,0,forward_2024_2026
2026-06-12T00:00:00+00:00,1.320545,1.00,10.0,720.5482,739.8440,0,forward_2024_2026
2026-06-15T00:00:00+00:00,1.354810,1.00,10.0,743.1833,752.8904,0,forward_2024_2026
2026-06-16T00:00:00+00:00,1.343888,1.00,10.0,729.0588,748.4020,0,forward_2024_2026
2026-06-17T00:00:00+00:00,1.326820,1.00,10.0,721.7169,739.0560,0,forward_2024_2026
2026-06-18T00:00:00+00:00,1.335609,1.00,10.0,739.8070,746.7400,0,forward_2024_2026
2026-06-22T00:00:00+00:00,1.306992,1.00,10.0,737.9500,744.3900,0,forward_2024_2026
2026-06-23T00:00:00+00:00,1.312369,1.00,10.0,713.6500,733.5800,0,forward_2024_2026
2026-06-24T00:00:00+00:00,1.317201,1.00,10.0,710.6200,733.2400,0,forward_2024_2026
2026-06-25T00:00:00+00:00,1.302861,1.00,10.0,716.3800,734.3000,0,forward_2024_2026
2026-06-26T00:00:00+00:00,1.341331,1.00,10.0,706.5200,728.9900,0,forward_2024_2026
2026-06-29T00:00:00+00:00,1.397297,1.00,10.0,724.0800,741.0000,0,forward_2024_2026
2026-06-30T00:00:00+00:00,1.407758,1.00,10.0,736.4000,746.7700,0,forward_2024_2026
2026-07-01T00:00:00+00:00,1.339276,0.75,10.0,725.1700,745.7600,0,forward_2024_2026
2026-07-02T00:00:00+00:00,1.330847,0.75,10.0,712.6000,744.7800,0,forward_2024_2026
2026-07-06T00:00:00+00:00,1.338390,0.75,10.0,722.8200,751.2800,0,forward_2024_2026
2026-07-07T00:00:00+00:00,1.328859,0.75,10.0,709.4300,747.7100,0,forward_2024_2026
2026-07-08T00:00:00+00:00,1.321011,0.75,10.0,711.4400,745.4000,0,forward_2024_2026
2026-07-09T00:00:00+00:00,1.344347,0.75,10.0,723.2800,751.7100,0,forward_2024_2026
2026-07-10T00:00:00+00:00,1.327162,0.75,10.0,725.5100,754.9500,0,forward_2024_2026
2026-07-13T00:00:00+00:00,1.325728,0.75,10.0,711.7400,749.1700,0,forward_2024_2026
2026-07-14T00:00:00+00:00,1.360929,0.75,10.0,719.6900,751.8300,0,forward_2024_2026
2026-07-15T00:00:00+00:00,1.359138,0.75,10.0,717.7400,754.8100,0,forward_2024_2026
2026-07-16T00:00:00+00:00,1.352550,0.75,10.0,705.9400,750.7200,0,forward_2024_2026
2026-07-17T00:00:00+00:00,1.349410,0.75,10.0,695.3300,743.2900,0,forward_2024_2026
2026-07-20T00:00:00+00:00,1.338989,0.75,10.0,696.0600,742.0900,0,forward_2024_2026
2026-07-21T00:00:00+00:00,1.332113,0.75,10.0,708.9700,748.2800,0,forward_2024_2026
2026-07-22T00:00:00+00:00,1.315982,0.75,10.0,705.3500,747.4100,0,forward_2024_2026
2026-07-23T00:00:00+00:00,1.296728,0.75,10.0,691.9600,738.1800,0,forward_2024_2026
2026-07-24T00:00:00+00:00,1.299908,0.75,10.0,684.2300,738.9300,0,forward_2024_2026
2026-07-27T00:00:00+00:00,1.310722,0.75,10.0,682.1200,739.0900,0,forward_2024_2026
2026-07-28T00:00:00+00:00,1.316057,0.75,10.0,675.4900,740.8600,0,forward_2024_2026
2026-07-29T00:00:00+00:00,1.313460,0.75,10.0,661.7300,729.4600,0,forward_2024_2026
2026-07-30T00:00:00+00:00,1.331499,0.75,10.0,683.5500,741.6900,0,forward_2024_2026
2026-07-31T00:00:00+00:00,1.332149,0.75,10.0,687.9900,747.0300,0,forward_2024_2026
2026-08-03T00:00:00+00:00,1.294874,0.75,10.0,700.0700,757.6700,0,forward_2024_2026
2026-08-04T00:00:00+00:00,1.342372,0.75,10.0,723.8500,771.3300,0,forward_2024_2026
2026-08-05T00:00:00+00:00,1.327378,0.75,10.0,717.3000,769.7900,0,forward_2024_2026
2026-08-06T00:00:00+00:00,1.317655,0.75,10.0,714.6500,768.5600,0,forward_2024_2026
2026-08-07T00:00:00+00:00,1.343920,0.75,10.0,723.0300,773.2600,0,forward_2024_2026
2026-08-10T00:00:00+00:00,1.356810,0.75,10.0,720.8700,773.0300,0,forward_2024_2026
2026-08-11T00:00:00+00:00,1.362554,0.75,10.0,718.4500,770.5600,0,forward_2024_2026
2026-08-12T00:00:00+00:00,1.371401,0.75,10.0,723.7000,772.4900,0,forward_2024_2026
2026-08-13T00:00:00+00:00,1.397446,0.75,10.0,732.0700,777.8800,0,forward_2024_2026
2026-08-14T00:00:00+00:00,1.385666,0.75,10.0,731.0700,776.3400,0,forward_2024_2026
2026-08-17T00:00:00+00:00,1.366473,0.75,10.0,729.8700,772.6700,0,forward_2024_2026
2026-08-18T00:00:00+00:00,1.353355,0.75,10.0,717.5100,767.4500,0,forward_2024_2026
2026-08-19T00:00:00+00:00,1.341164,0.75,10.0,716.0800,769.0600,0,forward_2024_2026
2026-08-20T00:00:00+00:00,1.317984,0.75,10.0,710.9300,762.6000,0,forward_2024_2026
2026-08-21T00:00:00+00:00,1.331514,0.75,10.0,713.4400,765.7200,1,forward_2024_2026
