date,equity,macro_exposure,holdings,window
2022-01-31T00:00:00+00:00,1.000000,0.00,"",bear_2022
2022-02-28T00:00:00+00:00,1.000000,0.00,"",bear_2022
2022-03-31T00:00:00+00:00,1.000000,0.00,"",bear_2022
2022-04-29T00:00:00+00:00,1.000000,0.00,"",bear_2022
2022-05-31T00:00:00+00:00,1.000000,0.00,"",bear_2022
2022-06-30T00:00:00+00:00,1.000000,0.00,"",bear_2022
2022-07-29T00:00:00+00:00,1.000000,0.25,"",bear_2022
2022-08-31T00:00:00+00:00,1.000000,0.25,"",bear_2022
2022-09-30T00:00:00+00:00,1.000000,0.00,"",bear_2022
2022-10-31T00:00:00+00:00,1.000000,0.00,"",bear_2022
2022-11-30T00:00:00+00:00,0.988578,1.00,"XLE=0.3300;XLI=0.3300;XLF=0.3300",bear_2022
2022-12-30T00:00:00+00:00,0.951927,1.00,"XLE=0.3300;XLI=0.3300;XLF=0.3300",bear_2022
2022-12-30T00:00:00+00:00,0.951927,0.00,"",bear_2022
2023-01-31T00:00:00+00:00,1.000000,0.00,"",oos_2023_2024
2023-02-28T00:00:00+00:00,1.000000,0.00,"",oos_2023_2024
2023-03-31T00:00:00+00:00,1.000000,0.00,"",oos_2023_2024
2023-04-28T00:00:00+00:00,1.000000,0.00,"",oos_2023_2024
2023-05-31T00:00:00+00:00,1.000000,0.00,"",oos_2023_2024
2023-06-30T00:00:00+00:00,0.991687,1.00,"XLU=0.3300;XLRE=0.3300;XLF=0.3300",oos_2023_2024
2023-07-31T00:00:00+00:00,1.015292,0.75,"XLU=0.3300;XLRE=0.3300;XLF=0.3300",oos_2023_2024
2023-08-31T00:00:00+00:00,0.976745,0.75,"XLU=0.3300;XLRE=0.3300;XLF=0.3300",oos_2023_2024
2023-09-29T00:00:00+00:00,0.895701,0.25,"",oos_2023_2024
2023-10-31T00:00:00+00:00,0.895701,0.00,"",oos_2023_2024
2023-11-30T00:00:00+00:00,0.888255,1.00,"XLU=0.3300;XLRE=0.3300;XLF=0.3300",oos_2023_2024
2023-12-29T00:00:00+00:00,0.943242,1.00,"XLU=0.3300;XLRE=0.3300;XLF=0.3300",oos_2023_2024
2024-01-31T00:00:00+00:00,0.940015,1.00,"XLU=0.3300;XLRE=0.3300;XLF=0.3300",oos_2023_2024
2024-02-29T00:00:00+00:00,0.965302,1.00,"XLU=0.3300;XLRE=0.3300;XLF=0.3300",oos_2023_2024
2024-03-28T00:00:00+00:00,0.997760,1.00,"XLU=0.3300;XLRE=0.3300;XLF=0.3300",oos_2023_2024
2024-04-30T00:00:00+00:00,0.964847,0.75,"XLU=0.3300;XLRE=0.3300;XLF=0.3300",oos_2023_2024
2024-05-31T00:00:00+00:00,1.012560,1.00,"XLU=0.3300;XLRE=0.3300;XLF=0.3300",oos_2023_2024
2024-06-28T00:00:00+00:00,0.992698,1.00,"XLU=0.3300;XLRE=0.3300;XLF=0.3300",oos_2023_2024
2024-07-31T00:00:00+00:00,1.066803,1.00,"XLU=0.3300;XLRE=0.3300;XLF=0.3300",oos_2023_2024
2024-08-30T00:00:00+00:00,1.130270,1.00,"XLU=0.3300;XLRE=0.3300;XLF=0.3300",oos_2023_2024
2024-08-30T00:00:00+00:00,1.130270,0.00,"",oos_2023_2024
2024-08-30T00:00:00+00:00,1.000000,0.00,"",forward_2024_2026
2024-09-30T00:00:00+00:00,1.000000,0.00,"",forward_2024_2026
2024-10-31T00:00:00+00:00,1.000000,0.00,"",forward_2024_2026
2024-11-29T00:00:00+00:00,1.000000,0.00,"",forward_2024_2026
2024-12-31T00:00:00+00:00,1.000000,0.00,"",forward_2024_2026
2025-01-31T00:00:00+00:00,0.984153,0.75,"XBI=0.3300;XLK=0.3300;XLE=0.3300",forward_2024_2026
2025-02-28T00:00:00+00:00,0.943050,1.00,"XBI=0.3300;XLK=0.3300;XLE=0.3300",forward_2024_2026
2025-03-31T00:00:00+00:00,0.879880,0.25,"",forward_2024_2026
2025-04-30T00:00:00+00:00,0.879880,0.25,"",forward_2024_2026
2025-05-30T00:00:00+00:00,0.865937,1.00,"XBI=0.3300;XLK=0.3300;XLE=0.3300",forward_2024_2026
2025-06-30T00:00:00+00:00,0.922105,1.00,"XBI=0.3300;XLK=0.3300;XLE=0.3300",forward_2024_2026
2025-07-31T00:00:00+00:00,0.941285,1.00,"XBI=0.3300;XLK=0.3300;XLE=0.3300",forward_2024_2026
2025-08-29T00:00:00+00:00,0.975733,1.00,"XBI=0.3300;XLK=0.3300;XLE=0.3300",forward_2024_2026
2025-09-30T00:00:00+00:00,1.043629,1.00,"XBI=0.3300;XLK=0.3300;XLE=0.3300",forward_2024_2026
2025-10-31T00:00:00+00:00,1.096493,1.00,"XBI=0.3300;XLK=0.3300;XLE=0.3300",forward_2024_2026
2025-11-28T00:00:00+00:00,1.115211,1.00,"XBI=0.3300;XLK=0.3300;XLE=0.3300",forward_2024_2026
2025-12-31T00:00:00+00:00,1.122949,0.75,"XBI=0.3300;XLK=0.3300;XLE=0.3300",forward_2024_2026
2026-01-30T00:00:00+00:00,1.188012,1.00,"XBI=0.3300;XLK=0.3300;XLE=0.3300",forward_2024_2026
2026-02-27T00:00:00+00:00,1.227286,1.00,"XBI=0.3300;XLK=0.3300;XLE=0.3300",forward_2024_2026
2026-03-31T00:00:00+00:00,1.227513,0.00,"",forward_2024_2026
2026-04-30T00:00:00+00:00,1.208061,1.00,"XBI=0.3300;XLK=0.3300;XLE=0.3300",forward_2024_2026
2026-05-29T00:00:00+00:00,1.286120,1.00,"XBI=0.3300;XLK=0.3300;XLE=0.3300",forward_2024_2026
2026-06-30T00:00:00+00:00,1.313074,1.00,"XBI=0.3300;XLK=0.3300;XLE=0.3300",forward_2024_2026
2026-07-31T00:00:00+00:00,1.299734,0.75,"XBI=0.3300;XLK=0.3300;XLE=0.3300",forward_2024_2026
2026-08-21T00:00:00+00:00,1.411286,0.75,"XBI=0.3300;XLK=0.3300;XLE=0.3300",forward_2024_2026
2026-08-21T00:00:00+00:00,1.411286,0.00,"",forward_2024_2026
