date,equity,cash,regime,n_positions,drawdown,qqq_close
2024-08-14T04:00:00Z,100000.0,100000.0,RISK_ON,0,0.0,457.93
2024-08-15T04:00:00Z,100000.0,100000.0,RISK_ON,0,0.0,469.5
2024-08-16T04:00:00Z,100000.0,100000.0,RISK_ON,0,0.0,470.1
2024-08-19T04:00:00Z,100000.0,100000.0,RISK_ON,0,0.0,476.28
2024-08-20T04:00:00Z,100000.0,100000.0,RISK_ON,0,0.0,475.28
2024-08-21T04:00:00Z,100000.0,100000.0,RISK_ON,0,0.0,477.49
2024-08-22T04:00:00Z,100000.0,100000.0,RISK_OFF,0,0.0,469.92
2024-08-23T04:00:00Z,100000.0,100000.0,RISK_OFF,0,0.0,475.02
2024-08-26T04:00:00Z,100000.0,100000.0,RISK_OFF,0,0.0,470.41
2024-08-27T04:00:00Z,100000.0,100000.0,RISK_ON,0,0.0,471.81
2024-08-28T04:00:00Z,100000.0,100000.0,RISK_OFF,0,0.0,466.46
2024-08-29T04:00:00Z,100000.0,100000.0,RISK_ON,0,0.0,465.78
2024-08-30T04:00:00Z,100000.0,100000.0,RISK_ON,0,0.0,471.33
2024-09-03T04:00:00Z,100000.0,100000.0,CRISIS,0,0.0,457.02
2024-09-04T04:00:00Z,100000.0,100000.0,RISK_OFF,0,0.0,455.83
2024-09-05T04:00:00Z,100000.0,100000.0,RISK_OFF,0,0.0,456.26
2024-09-06T04:00:00Z,100000.0,100000.0,RISK_OFF,0,0.0,444.03
2024-09-09T04:00:00Z,100000.0,100000.0,RISK_OFF,0,0.0,449.74
2024-09-10T04:00:00Z,100000.0,100000.0,RISK_OFF,0,0.0,453.9
2024-09-11T04:00:00Z,100000.0,100000.0,RISK_OFF,0,0.0,463.76
2024-09-12T04:00:00Z,100000.0,100000.0,RISK_OFF,0,0.0,468.31
2024-09-13T04:00:00Z,100000.0,100000.0,RISK_OFF,0,0.0,470.41
2024-09-16T04:00:00Z,100000.0,100000.0,RISK_OFF,0,0.0,468.33
2024-09-17T04:00:00Z,100000.0,100000.0,RISK_OFF,0,0.0,468.58
2024-09-18T04:00:00Z,100000.0,100000.0,RISK_OFF,0,0.0,466.55
2024-09-19T04:00:00Z,100000.0,100000.0,RISK_OFF,0,0.0,478.34
2024-09-20T04:00:00Z,100000.0,100000.0,RISK_OFF,0,0.0,477.43
2024-09-23T04:00:00Z,100000.0,100000.0,RISK_OFF,0,0.0,478.7
2024-09-24T04:00:00Z,100000.0,100000.0,RISK_OFF,0,0.0,481.01
2024-09-25T04:00:00Z,100000.0,100000.0,RISK_ON,0,0.0,481.45
2024-09-26T04:00:00Z,100000.0,100000.0,RISK_ON,0,0.0,485.07
2024-09-27T04:00:00Z,100000.0,100000.0,RISK_ON,0,0.0,482.38
2024-09-30T04:00:00Z,100000.0,100000.0,RISK_ON,0,0.0,483.68
2024-10-01T04:00:00Z,100000.0,100000.0,RISK_OFF,0,0.0,476.94
2024-10-02T04:00:00Z,100000.0,100000.0,RISK_ON,0,0.0,477.62
2024-10-03T04:00:00Z,100000.0,100000.0,RISK_ON,0,0.0,477.26
2024-10-04T04:00:00Z,100000.0,100000.0,RISK_ON,0,0.0,482.94
2024-10-07T04:00:00Z,100000.0,100000.0,RISK_OFF,0,0.0,477.77
2024-10-08T04:00:00Z,100000.0,100000.0,RISK_ON,0,0.0,484.9
2024-10-09T04:00:00Z,100000.0,100000.0,RISK_ON,0,0.0,488.72
2024-10-10T04:00:00Z,100000.0,100000.0,RISK_ON,0,0.0,488.16
2024-10-11T04:00:00Z,100000.0,100000.0,RISK_ON,0,0.0,488.93
2024-10-14T04:00:00Z,100000.0,100000.0,RISK_ON,0,0.0,493.03
2024-10-15T04:00:00Z,100000.0,100000.0,RISK_ON,0,0.0,486.44
2024-10-16T04:00:00Z,100000.0,100000.0,RISK_ON,0,0.0,486.5
2024-10-17T04:00:00Z,100000.0,100000.0,RISK_ON,0,0.0,486.84
2024-10-18T04:00:00Z,100000.0,100000.0,RISK_ON,0,0.0,490.03
2024-10-21T04:00:00Z,100000.0,100000.0,RISK_ON,0,0.0,490.97
2024-10-22T04:00:00Z,100000.0,100000.0,RISK_ON,0,0.0,491.5
2024-10-23T04:00:00Z,100000.0,100000.0,RISK_ON,0,0.0,483.97
2024-10-24T04:00:00Z,99910.08991008991,10000.0,RISK_ON,15,0.0,487.9
2024-10-25T04:00:00Z,100278.818457868,10000.0,RISK_ON,15,0.0,490.87
2024-10-28T04:00:00Z,100722.98448046776,10000.0,RISK_ON,15,0.0,490.95
2024-10-29T04:00:00Z,101286.42014835656,10000.0,RISK_ON,15,0.0,495.66
2024-10-30T04:00:00Z,100704.11798880735,10000.0,RISK_ON,15,0.005749064471784977,491.92
2024-10-31T04:00:00Z,97676.20568324463,43305.991602505834,RISK_OFF,9,0.03531445902559656,479.5
2024-11-01T04:00:00Z,99708.77226738185,9974.207075342307,RISK_ON,15,0.015247348979967575,483.05
2024-11-04T05:00:00Z,98926.75858425064,9974.207075342307,RISK_ON,15,0.023296919376256633,481.64
2024-11-05T05:00:00Z,101366.46233370261,9974.207075342307,RISK_ON,15,0.0,487.79
2024-11-06T05:00:00Z,103785.91754930295,10379.678249512006,RISK_ON,15,0.0,501.04
2024-11-07T05:00:00Z,108595.43192072796,10861.297672106411,RISK_ON,16,0.0,508.92
2024-11-08T05:00:00Z,112231.02472173283,11226.23561805274,RISK_ON,17,0.0,509.52
2024-11-11T05:00:00Z,115601.30529357266,11226.23561805274,RISK_ON,17,0.0,509.22
2024-11-12T05:00:00Z,115501.27705095263,11550.480617687306,RISK_ON,17,0.0008347580198557627,508.3
2024-11-13T05:00:00Z,114999.970082016,11504.341476473213,RISK_ON,18,0.0048259881445435115,507.65
2024-11-14T05:00:00Z,114428.54042274275,11504.341476473213,RISK_ON,18,0.010144910283250185,504.12
2024-11-15T05:00:00Z,114248.95114444966,31811.126695043575,RISK_OFF,14,0.01152259512476425,492.11
2024-11-18T05:00:00Z,115098.02590220021,11514.498699190033,RISK_ON,17,0.003947345581552039,495.53
2024-11-19T05:00:00Z,116842.97272419967,11685.841941969906,RISK_ON,18,0.0,498.94
2024-11-20T05:00:00Z,116865.70314989788,11685.841941969906,RISK_ON,18,0.0,498.65
2024-11-21T05:00:00Z,120058.89786699845,12007.66530081068,RISK_ON,19,0.0,500.44
2024-11-22T05:00:00Z,123200.8770191399,12320.237554139832,RISK_ON,19,0.0,501.24
2024-11-25T05:00:00Z,124502.27981871513,12320.237554139832,RISK_ON,19,0.0,502.04
2024-11-26T05:00:00Z,123675.5860753209,12368.434786481135,RISK_ON,19,0.006569614268066281,504.73
2024-11-27T05:00:00Z,123496.49179496987,12368.434786481135,RISK_ON,19,0.008078470733305183,500.76
2024-11-29T05:00:00Z,123710.92727844477,12368.434786481135,RISK_ON,19,0.006356128911234695,505.16
2024-12-02T05:00:00Z,123315.17708573648,12334.249087509634,RISK_ON,19,0.009315403262555144,510.66
2024-12-03T05:00:00Z,125322.01033161684,12334.249087509634,RISK_ON,19,0.0,512.22
2024-12-04T05:00:00Z,128989.85080641999,12900.691168164572,RISK_ON,20,0.0,518.56
2024-12-05T05:00:00Z,128079.6117044108,12808.056823410821,RISK_ON,20,0.007180572230296397,517.12
2024-12-06T05:00:00Z,130830.49753179071,12808.056823410821,RISK_ON,20,0.0,521.75
2024-12-09T05:00:00Z,126370.97923919858,12640.350081630742,RISK_ON,20,0.03383765099882435,517.69
2024-12-10T05:00:00Z,123021.5894368346,12306.334021687873,RISK_ON,19,0.05936809430098425,515.92
2024-12-11T05:00:00Z,125178.5204536049,12518.677864649977,RISK_ON,19,0.04313763986045815,525.16
2024-12-12T05:00:00Z,124394.43556622328,12518.677864649977,RISK_ON,19,0.04919389658365791,521.77
2024-12-13T05:00:00Z,124788.10028893987,29262.79470106571,RISK_OFF,16,0.04605681762902813,525.76
2024-12-16T05:00:00Z,126659.2877446135,12667.586637404776,RISK_ON,19,0.03175583091192811,533.33
2024-12-17T05:00:00Z,125133.09755685559,12515.989328355048,RISK_ON,19,0.0433431375345973,530.98
2024-12-18T05:00:00Z,117531.33695781326,81057.34277342791,CRISIS,8,0.10112741952505423,511.83
2024-12-19T05:00:00Z,117542.38634176279,89160.8238722448,RISK_OFF,6,0.10150538175634087,509.55
2024-12-20T05:00:00Z,118579.94126223029,11867.530751173093,RISK_ON,18,0.09290792475283595,514.0
2024-12-23T05:00:00Z,119147.7951678765,11914.903987260317,RISK_ON,18,0.08928696198185027,519.01
2024-12-24T05:00:00Z,120950.97505567811,11914.903987260317,RISK_ON,18,0.07551391046045637,526.04
2024-12-26T05:00:00Z,120710.29286717241,12072.36186057709,RISK_ON,18,0.07725170443201852,525.69
2024-12-27T05:00:00Z,118275.91994839942,11865.075759310643,RISK_ON,18,0.09574498224621054,518.7
2024-12-30T05:00:00Z,116814.82945471031,19470.415209522922,RISK_OFF,16,0.10707025799755854,511.8
2024-12-31T05:00:00Z,115365.4699250746,25533.608240430603,RISK_OFF,15,0.11816020450939974,507.45
2025-01-02T05:00:00Z,115430.46706285242,32349.41804577837,RISK_OFF,14,0.11765764196348841,506.46
2025-01-03T05:00:00Z,119321.38786088295,11934.178270581322,RISK_ON,18,0.08781373642017862,514.75
2025-01-06T05:00:00Z,120288.50032055145,12029.010991612282,RISK_ON,19,0.08056521846602836,520.66
2025-01-07T05:00:00Z,116950.32401413556,18209.85172753281,RISK_OFF,18,0.10604550736742559,511.37
2025-01-08T05:00:00Z,116352.80800103667,26724.951210386964,RISK_OFF,17,0.11059474801838311,511.46
2025-01-10T05:00:00Z,115673.79873613319,34881.64086896627,RISK_OFF,16,0.11578748248254168,503.44
2025-01-13T05:00:00Z,115515.8660316781,41678.73729333021,RISK_OFF,15,0.11700504002186675,501.82
2025-01-14T05:00:00Z,115242.20212672207,49583.43927983566,RISK_OFF,13,0.11908830956391983,501.35
2025-01-15T05:00:00Z,117183.4221426458,11722.1245633871,RISK_ON,19,0.10402201439777252,512.88
2025-01-16T05:00:00Z,117359.88255061003,11737.377802969182,RISK_ON,20,0.10285613642055441,509.29
2025-01-17T05:00:00Z,118758.28916267511,11877.103894417633,RISK_ON,20,0.09217620367670035,517.88
2025-01-21T05:00:00Z,119328.78590154694,11934.678571466295,RISK_ON,21,0.08777549603323433,520.92
2025-01-22T05:00:00Z,119297.19363831193,11929.952603987997,RISK_ON,22,0.08813672430702804,527.58
2025-01-23T05:00:00Z,119465.51115348577,11947.913082468476,RISK_ON,22,0.08676391912633108,528.7
2025-01-24T05:00:00Z,120114.10856335344,12011.6387034199,RISK_ON,23,0.08189306545278767,525.72
2025-01-27T05:00:00Z,115590.99410375919,37274.58915114502,RISK_OFF,19,0.11628951564330914,510.41
2025-01-28T05:00:00Z,117489.70901832916,11752.010167124843,RISK_ON,23,0.10173771491855699,517.95
2025-01-29T05:00:00Z,116669.65287558193,11752.010167124843,RISK_ON,23,0.10823810138586236,516.98
2025-01-30T05:00:00Z,117682.80479566875,11771.178176632071,RISK_ON,23,0.10027261237222071,519.18
2025-01-31T05:00:00Z,117538.92304333193,11771.178176632071,RISK_ON,23,0.10159385417936698,518.43
2025-02-03T05:00:00Z,116687.92275434294,11668.80250277434,RISK_ON,24,0.10809767424916206,514.28
2025-02-04T05:00:00Z,119767.10563603458,11978.509140535916,RISK_ON,25,0.08442531622833287,520.59
2025-02-05T05:00:00Z,120228.79204532078,12026.85409802768,RISK_ON,25,0.08073008014776842,522.96
2025-02-06T05:00:00Z,120230.33505379429,12023.543218787217,RISK_ON,24,0.08098314646662587,525.69
2025-02-07T05:00:00Z,120694.03032153404,12073.11357307362,RISK_ON,23,0.07719424745442444,519.06
2025-02-10T05:00:00Z,121898.62357932425,12073.11357307362,RISK_ON,23,0.06827058003273347,525.34
2025-02-11T05:00:00Z,119691.59952167864,11972.051728623994,RISK_ON,24,0.08491888707257397,524.09
2025-02-12T05:00:00Z,124609.02294384652,12462.687816675203,RISK_ON,25,0.04741722673286676,524.4
2025-02-13T05:00:00Z,126855.90973276603,12686.19607308698,RISK_ON,24,0.030333422831756784,531.94
2025-02-14T05:00:00Z,126970.74182644724,12686.19607308698,RISK_ON,24,0.029501956945517112,534.17
2025-02-18T05:00:00Z,128044.45585565783,12806.041384707845,RISK_ON,25,0.02117307307525257,535.38
2025-02-19T05:00:00Z,126823.46110709506,12684.286777482557,RISK_ON,24,0.030479359416913942,535.53
2025-02-20T05:00:00Z,124974.40748084187,12499.958415074061,RISK_ON,22,0.044568456828143296,533.26
2025-02-21T05:00:00Z,120535.4752391481,60398.383815978654,RISK_OFF,10,0.07832329704608804,522.19
2025-02-24T05:00:00Z,119610.28187467424,74871.21914585217,CRISIS,8,0.08565073546205106,516.03
2025-02-25T05:00:00Z,119751.99500893986,95906.53552321524,CRISIS,5,0.08451734388164236,509.53
2025-02-26T05:00:00Z,120913.79180419467,106074.14449595734,CRISIS,4,0.07572032612984085,510.76
2025-02-27T05:00:00Z,120693.20809931433,114325.87464698014,CRISIS,2,0.07742101141115013,496.57
2025-02-28T05:00:00Z,120813.2495825471,114325.87464698014,CRISIS,2,0.07656661205319887,504.41
2025-03-03T05:00:00Z,120739.06712158745,114325.87464698014,CRISIS,2,0.07713362404473872,493.38
2025-03-04T05:00:00Z,120589.4814779999,114325.87464698014,CRISIS,2,0.07827697858675749,491.89
2025-03-05T05:00:00Z,120641.96998628114,114325.87464698014,CRISIS,2,0.0778757838403377,498.3
2025-03-06T05:00:00Z,120568.54969214769,114325.87464698014,CRISIS,2,0.0784369702266817,484.59
2025-03-07T05:00:00Z,120427.92403272832,119197.26551196074,CRISIS,1,0.07947456768941599,488.16
2025-03-10T04:00:00Z,120367.08725925835,120367.08725925835,CRISIS,0,0.07996789339771553,469.24
2025-03-11T04:00:00Z,120367.08725925835,120367.08725925835,CRISIS,0,0.07997684385469711,468.11
2025-03-12T04:00:00Z,120367.08725925835,120367.08725925835,CRISIS,0,0.07997684385469711,473.4
2025-03-13T04:00:00Z,120367.08725925835,120367.08725925835,CRISIS,0,0.07997684385469711,464.88
2025-03-14T04:00:00Z,120367.08725925835,120367.08725925835,CRISIS,0,0.07997684385469711,476.12
2025-03-17T04:00:00Z,120367.08725925835,120367.08725925835,CRISIS,0,0.07997684385469711,479.2
2025-03-18T04:00:00Z,120367.08725925835,120367.08725925835,CRISIS,0,0.07997684385469711,471.03
2025-03-19T04:00:00Z,120367.08725925835,120367.08725925835,CRISIS,0,0.07997684385469711,477.34
2025-03-20T04:00:00Z,120367.08725925835,120367.08725925835,CRISIS,0,0.07997684385469711,475.72
2025-03-21T04:00:00Z,120367.08725925835,120367.08725925835,CRISIS,0,0.07997684385469711,477.29
2025-03-24T04:00:00Z,120367.08725925835,120367.08725925835,CRISIS,0,0.07997684385469711,487.76
2025-03-25T04:00:00Z,120367.08725925835,120367.08725925835,RISK_OFF,0,0.07997684385469711,490.54
2025-03-26T04:00:00Z,120367.08725925835,120367.08725925835,RISK_OFF,0,0.07997684385469711,481.52
2025-03-27T04:00:00Z,120367.08725925835,120367.08725925835,RISK_OFF,0,0.07997684385469711,478.77
2025-03-28T04:00:00Z,120367.08725925835,120367.08725925835,CRISIS,0,0.07997684385469711,466.17
2025-03-31T04:00:00Z,120367.08725925835,120367.08725925835,CRISIS,0,0.07997684385469711,466.15
2025-04-01T04:00:00Z,120367.08725925835,120367.08725925835,CRISIS,0,0.07997684385469711,469.91
2025-04-02T04:00:00Z,120367.08725925835,120367.08725925835,CRISIS,0,0.07997684385469711,473.34
2025-04-03T04:00:00Z,120367.08725925835,120367.08725925835,CRISIS,0,0.07997684385469711,448.0
2025-04-04T04:00:00Z,120367.08725925835,120367.08725925835,CRISIS,0,0.07997684385469711,420.17
2025-04-07T04:00:00Z,120367.08725925835,120367.08725925835,CRISIS,0,0.07997684385469711,421.19
2025-04-08T04:00:00Z,120367.08725925835,120367.08725925835,CRISIS,0,0.07997684385469711,413.6
2025-04-09T04:00:00Z,120367.08725925835,120367.08725925835,CRISIS,0,0.07997684385469711,463.25
2025-04-10T04:00:00Z,120367.08725925835,120367.08725925835,CRISIS,0,0.07997684385469711,443.54
2025-04-11T04:00:00Z,120367.08725925835,120367.08725925835,CRISIS,0,0.07997684385469711,451.71
2025-04-14T04:00:00Z,120367.08725925835,120367.08725925835,CRISIS,0,0.07997684385469711,454.78
2025-04-15T04:00:00Z,120367.08725925835,120367.08725925835,CRISIS,0,0.07997684385469711,455.28
2025-04-16T04:00:00Z,120367.08725925835,120367.08725925835,CRISIS,0,0.07997684385469711,441.55
2025-04-17T04:00:00Z,120367.08725925835,120367.08725925835,RISK_OFF,0,0.07997684385469711,441.48
2025-04-21T04:00:00Z,120367.08725925835,120367.08725925835,RISK_OFF,0,0.07997684385469711,430.55
2025-04-22T04:00:00Z,120367.08725925835,120367.08725925835,RISK_OFF,0,0.07997684385469711,441.85
2025-04-23T04:00:00Z,120367.08725925835,120367.08725925835,RISK_OFF,0,0.07997684385469711,451.87
2025-04-24T04:00:00Z,120367.08725925835,120367.08725925835,RISK_OFF,0,0.07997684385469711,464.59
2025-04-25T04:00:00Z,120367.08725925835,120367.08725925835,CRISIS,0,0.07997684385469711,469.77
2025-04-28T04:00:00Z,120367.08725925835,120367.08725925835,RISK_OFF,0,0.07997684385469711,469.62
2025-04-29T04:00:00Z,120367.08725925835,120367.08725925835,RISK_OFF,0,0.07997684385469711,472.72
2025-04-30T04:00:00Z,120367.08725925835,120367.08725925835,RISK_OFF,0,0.07997684385469711,472.66
2025-05-01T04:00:00Z,120284.03396904943,37230.743760161175,RISK_ON,13,0.07997684385469711,478.83
2025-05-02T04:00:00Z,122667.22387765125,28647.10372563295,RISK_ON,16,0.0622925189691181,485.94
2025-05-05T04:00:00Z,122697.49816833025,12271.385752694463,RISK_ON,19,0.06203935747377133,483.06
2025-05-06T04:00:00Z,121509.9395136797,12152.357656852691,RISK_ON,19,0.07113724352383721,478.56
2025-05-07T04:00:00Z,121566.46263232041,12158.482982346053,RISK_ON,20,0.07066905563118842,480.44
2025-05-08T04:00:00Z,123400.7409150957,12341.104234482387,RISK_ON,21,0.05671044081418379,485.4
2025-05-09T04:00:00Z,123511.60201482211,12352.76220583103,RISK_ON,22,0.055819366365291646,485.09
2025-05-12T04:00:00Z,127194.15951828982,12720.453177126074,RISK_ON,23,0.027714988698631822,504.85
2025-05-13T04:00:00Z,129784.09256680237,12980.319935554558,RISK_ON,24,0.007852130777042247,512.54
2025-05-14T04:00:00Z,130197.01399631654,12980.319935554558,RISK_ON,24,0.004842017323370915,515.61
2025-05-15T04:00:00Z,130146.47556997978,12980.319935554558,RISK_ON,24,0.005228306661791256,516.18
2025-05-16T04:00:00Z,131367.96405303004,12980.319935554558,RISK_ON,24,0.0,518.43
2025-05-19T04:00:00Z,131313.52540138943,12980.319935554558,RISK_ON,24,0.00041439822892157247,518.92
2025-05-20T04:00:00Z,131191.98273937686,13122.114496903412,RISK_ON,24,0.0011176171074452072,517.2
2025-05-21T04:00:00Z,128877.46924310575,15636.648624097556,RISK_OFF,22,0.018938999143973862,510.01
2025-05-22T04:00:00Z,129531.8989202837,12953.580566086428,RISK_ON,22,0.013946767047605118,510.96
2025-05-23T04:00:00Z,129114.5265027074,17936.39565509725,RISK_OFF,21,0.017115662586679688,506.23
2025-05-27T04:00:00Z,131413.34833261248,13142.94829372772,RISK_ON,22,0.0,518.14
2025-05-28T04:00:00Z,130823.9106678368,13142.94829372772,RISK_ON,22,0.0046075831381715985,515.84
2025-05-29T04:00:00Z,131777.91196528336,13180.180168696017,RISK_ON,22,0.0,516.86
2025-05-30T04:00:00Z,134335.34840546094,13434.757840955906,RISK_ON,22,0.0,516.04
2025-06-02T04:00:00Z,136588.79353469002,13661.059988039096,RISK_ON,22,0.0,520.12
2025-06-03T04:00:00Z,137857.608518105,13661.059988039096,RISK_ON,22,0.0,524.18
2025-06-04T04:00:00Z,138680.39832921955,13871.424523066678,RISK_ON,23,0.0,525.64
2025-06-05T04:00:00Z,137276.87329265598,13730.686655414887,RISK_ON,23,0.01014588425419161,521.69
2025-06-06T04:00:00Z,136506.064783542,13653.3726914842,RISK_ON,23,0.015719498110658064,526.79
2025-06-09T04:00:00Z,135274.76703557814,13529.539201190637,RISK_ON,23,0.02464673482579418,527.56
2025-06-10T04:00:00Z,134929.1324094524,13529.539201190637,RISK_OFF,23,0.027287124079579093,531.05
2025-06-11T04:00:00Z,134772.3129788115,13480.793276336357,RISK_ON,23,0.028160860197216513,529.26
2025-06-12T04:00:00Z,133328.38408516644,13335.826828764679,RISK_ON,23,0.038611585523271756,530.51
2025-06-13T04:00:00Z,131346.2012681347,43333.83216535524,RISK_OFF,19,0.05290023325981963,523.85
2025-06-16T04:00:00Z,133254.31513017483,43333.83216535524,RISK_OFF,19,0.039360990584728105,531.13
2025-06-17T04:00:00Z,133048.06025254756,43333.83216535524,RISK_OFF,19,0.04084789538880424,525.95
2025-06-18T04:00:00Z,133201.80055135192,13323.178122472153,RISK_ON,23,0.03952343897217308,525.86
2025-06-20T04:00:00Z,132021.58165536405,13205.14953330101,RISK_ON,23,0.04803219659651566,523.72
2025-06-23T04:00:00Z,133051.05161925455,13306.603300313378,RISK_ON,23,0.040718328662933095,529.1
2025-06-24T04:00:00Z,137688.90124047856,13770.006476189563,RISK_ON,22,0.007311292845840517,537.19
2025-06-25T04:00:00Z,138163.89899575844,13770.006476189563,RISK_ON,22,0.003967481739118872,538.57
2025-06-26T04:00:00Z,140354.22123856642,14036.453410636932,RISK_ON,22,0.0,543.6
2025-06-27T04:00:00Z,140357.24581499,14036.03862622346,RISK_ON,22,2.9550514032057808e-05,545.46
2025-06-30T04:00:00Z,141744.89407419311,14036.03862622346,RISK_ON,22,0.0,549.0
2025-07-01T04:00:00Z,139032.80629308004,13970.069313472066,RISK_ON,22,0.018898349381696874,544.37
2025-07-02T04:00:00Z,140747.26129400416,14076.732072987455,RISK_ON,22,0.006896709406738039,548.16
2025-07-03T04:00:00Z,142476.33020135527,14076.732072987455,RISK_ON,22,0.0,553.55
2025-07-07T04:00:00Z,141315.7524200286,14136.39693294769,RISK_ON,22,0.007807338035070924,549.38
2025-07-08T04:00:00Z,141622.11171675439,14163.840269256552,RISK_ON,22,0.005881169929107174,549.69
2025-07-09T04:00:00Z,143035.98357402292,14305.175192351206,RISK_ON,22,0.0,553.58
2025-07-10T04:00:00Z,144326.4861298292,14435.934271304011,RISK_ON,21,0.0,552.79
2025-07-11T04:00:00Z,143310.29427866577,14331.491965948797,RISK_ON,20,0.007234883686248532,551.54
2025-07-14T04:00:00Z,144452.9194871812,14331.491965948797,RISK_ON,20,0.0,553.54
2025-07-15T04:00:00Z,144924.9315718324,14494.09323305164,RISK_ON,20,0.0,554.05
2025-07-16T04:00:00Z,145434.27520068726,14544.874571442157,RISK_ON,20,0.0,554.62
2025-07-17T04:00:00Z,146610.49171474308,14544.874571442157,RISK_ON,20,0.0,559.11
2025-07-18T04:00:00Z,147443.24887695996,14544.874571442157,RISK_ON,20,0.0,558.57
2025-07-21T04:00:00Z,147165.0558174913,14544.874571442157,RISK_ON,20,0.0018867805856666964,561.47
2025-07-22T04:00:00Z,146542.52001559,14655.902994632495,RISK_ON,20,0.005997011985084937,558.56
2025-07-23T04:00:00Z,147560.7864053509,14655.902994632495,RISK_ON,20,0.0,561.11
2025-07-24T04:00:00Z,147420.3050209792,14655.902994632495,RISK_ON,20,0.000952023825529058,562.3
2025-07-25T04:00:00Z,148398.13036657893,14655.902994632495,RISK_ON,20,0.0,563.66
2025-07-28T04:00:00Z,149073.78390118197,14910.305631843323,RISK_ON,20,0.0,565.42
2025-07-29T04:00:00Z,146378.60412879346,14641.418224780471,RISK_ON,21,0.018033661663420235,564.54
2025-07-30T04:00:00Z,147133.66516932307,14714.960827032075,RISK_ON,21,0.013101328009940853,565.3
2025-07-31T04:00:00Z,146112.03570297663,14614.816262218957,RISK_ON,19,0.019817794277355378,562.3
2025-08-01T04:00:00Z,142135.26137489706,30816.740664297362,RISK_OFF,15,0.046622631169580625,551.22
2025-08-04T04:00:00Z,144503.7604141355,14452.010879553882,RISK_ON,17,0.030736777877354522,561.4
2025-08-05T04:00:00Z,143677.97895442828,14369.483096956174,RISK_ON,17,0.036271726967965975,557.58
2025-08-06T04:00:00Z,142479.0053073413,14252.38990189867,RISK_ON,17,0.04412489899198064,564.6
2025-08-07T04:00:00Z,144045.64132499823,14406.768156712105,RISK_ON,18,0.03377110352827573,566.51
2025-08-08T04:00:00Z,140628.2437608862,14067.149157651802,RISK_ON,18,0.05654857083484772,571.8
2025-08-11T04:00:00Z,140404.45581343214,14139.711370363082,RISK_ON,18,0.05811275208575355,570.1
2025-08-12T04:00:00Z,141176.39896162183,14119.223149612273,RISK_ON,18,0.05305608763254091,577.27
2025-08-13T04:00:00Z,141072.34772640842,14119.223149612273,RISK_ON,18,0.05386012057911091,577.56
2025-08-14T04:00:00Z,139581.36346233787,13961.686648873876,RISK_ON,19,0.0636216994065847,577.11
2025-08-15T04:00:00Z,139343.1659324188,13935.964029412195,RISK_ON,19,0.06534685649570249,574.57
2025-08-18T04:00:00Z,139635.65671307434,13965.212390550529,RISK_ON,19,0.06338523599907937,574.34
2025-08-19T04:00:00Z,136206.8696889843,13625.59458844793,RISK_ON,19,0.08616262302844344,566.55
2025-08-20T04:00:00Z,134654.0232546927,13468.917232112915,RISK_ON,19,0.09667061395791185,563.19
2025-08-21T04:00:00Z,136048.83895549574,13609.606387633547,RISK_ON,19,0.08723491498604312,560.58
2025-08-22T04:00:00Z,141013.2246641524,14105.147046322993,RISK_ON,20,0.054000139594776696,569.23
2025-08-25T04:00:00Z,140647.9479675743,14105.147046322993,RISK_ON,20,0.056706472419999786,567.59
2025-08-26T04:00:00Z,142865.24212117487,14105.147046322993,RISK_ON,20,0.04183558909709057,569.87
2025-08-27T04:00:00Z,141240.9505960955,14125.880791614825,RISK_ON,21,0.05260957485359869,570.74
2025-08-28T04:00:00Z,143833.06075406665,14125.880791614825,RISK_OFF,21,0.03534465150809273,574.31
2025-08-29T04:00:00Z,142189.88625793526,14219.059582623797,RISK_ON,21,0.04636028705831882,567.67
2025-09-02T04:00:00Z,141233.49118756523,14127.006718185585,RISK_ON,20,0.05253406154095703,562.91
2025-09-03T04:00:00Z,142182.7301752179,14127.006718185585,RISK_ON,20,0.04641304017562082,567.34
2025-09-04T04:00:00Z,143424.83522597936,14345.760977836286,RISK_ON,19,0.037862715087567375,572.47
2025-09-05T04:00:00Z,143154.4266287605,14317.004773094159,RISK_ON,19,0.0397913277835213,573.3
2025-09-08T04:00:00Z,146323.35525346297,14317.004773094159,RISK_ON,19,0.0186428174821161,576.1
2025-09-09T04:00:00Z,147262.44454046953,14317.004773094159,RISK_ON,19,0.012344561026520822,577.73
2025-09-10T04:00:00Z,145822.53350702385,14586.328824870525,RISK_ON,19,0.021728381360667407,577.92
2025-09-11T04:00:00Z,147777.19643120066,14586.328824870525,RISK_ON,19,0.008892238160436862,581.28
2025-09-12T04:00:00Z,147925.2651403156,14792.824631712465,RISK_ON,18,0.007879181220803222,583.85
2025-09-15T04:00:00Z,150451.0439794205,14792.824631712465,RISK_ON,18,0.0,588.84
2025-09-16T04:00:00Z,151617.21365339335,14792.824631712465,RISK_ON,18,0.0,588.35
2025-09-17T04:00:00Z,152076.90346519626,14792.824631712465,RISK_ON,18,0.0,587.17
2025-09-18T04:00:00Z,154604.81067712719,14792.824631712465,RISK_ON,18,0.0,592.47
2025-09-19T04:00:00Z,155322.534195398,15536.704776222396,RISK_ON,19,0.0,596.48
2025-09-22T04:00:00Z,155487.5811792427,15536.704776222396,RISK_ON,19,0.0,600.01
2025-09-23T04:00:00Z,154548.27871713962,15536.704776222396,RISK_ON,19,0.006041012761143096,596.02
2025-09-24T04:00:00Z,153271.67681882,15343.889128466266,RISK_ON,19,0.014134145965673611,593.93
2025-09-25T04:00:00Z,152257.12791050028,15233.148052850942,RISK_ON,19,0.02029808828973308,591.37
2025-09-26T04:00:00Z,151846.24084434277,15187.01041052392,RISK_ON,19,0.02326537622212631,593.8
2025-09-29T04:00:00Z,154582.8104335664,15187.01041052392,RISK_ON,19,0.005818926108531471,596.55
2025-09-30T04:00:00Z,154586.0759708525,15464.059011252773,RISK_ON,19,0.00544732293274675,598.18
2025-10-01T04:00:00Z,157259.1021751309,15726.094976598231,RISK_ON,19,0.0,601.05
2025-10-02T04:00:00Z,159028.33194342413,15903.120417769765,RISK_ON,19,0.0,603.53
2025-10-03T04:00:00Z,157373.73432198082,15737.389988684507,RISK_ON,20,0.010421252227963614,600.98
2025-10-06T04:00:00Z,157812.21932791284,15879.591331356092,RISK_ON,19,0.00766417202460789,605.5
2025-10-07T04:00:00Z,156859.06538122875,15685.925885320281,RISK_ON,20,0.013657353195087074,602.31
2025-10-08T04:00:00Z,159163.54472175374,15685.925885320281,RISK_ON,20,0.0,609.21
2025-10-09T04:00:00Z,158201.59390836846,15822.440248259867,RISK_ON,20,0.005900485822911655,608.48
2025-10-10T04:00:00Z,151202.43318449342,83592.90898289767,RISK_OFF,9,0.04959221814277571,587.35
2025-10-13T04:00:00Z,152391.36299230275,15245.964165845358,RISK_ON,17,0.042119588848185764,599.82
2025-10-14T04:00:00Z,150058.23779753994,15007.63635773951,RISK_ON,18,0.057093357403195946,595.82
2025-10-15T04:00:00Z,151705.0622351182,15172.259409119957,RISK_ON,17,0.046750345021294354,600.03
2025-10-16T04:00:00Z,150548.32259872777,41426.11807203216,RISK_OFF,14,0.053962997615058655,597.81
2025-10-17T04:00:00Z,150452.4382662243,15047.87901533938,RISK_ON,17,0.05456497330178484,601.73
2025-10-20T04:00:00Z,152969.4363224068,15047.87901533938,RISK_ON,17,0.03891662761202851,609.31
2025-10-21T04:00:00Z,152149.54405369534,15216.660394970288,RISK_ON,17,0.043960699570261365,609.15
2025-10-22T04:00:00Z,150370.52700723932,15037.070641758219,RISK_ON,18,0.0552440467416268,603.29
2025-10-23T04:00:00Z,153412.86709756195,15037.070641758219,RISK_ON,18,0.03613062045234672,608.36
2025-10-24T04:00:00Z,155634.55052119837,15037.070641758219,RISK_ON,18,0.02217212620342608,614.85
2025-10-27T04:00:00Z,157835.03307810388,15037.070641758219,RISK_ON,18,0.008346833729874137,625.8
2025-10-28T04:00:00Z,158315.2771674753,15833.179446547816,RISK_ON,18,0.005225758560037479,630.62
2025-10-29T04:00:00Z,158876.62966451785,15889.478225856925,RISK_ON,18,0.0016885930987171392,633.46
2025-10-30T04:00:00Z,157274.1588656521,15727.43207499187,RISK_ON,19,0.011869702796188328,623.77
2025-10-31T04:00:00Z,158647.49867116642,15727.43207499187,RISK_ON,19,0.003242237734083268,626.78
2025-11-03T05:00:00Z,160753.58904225097,16077.468184722888,RISK_ON,20,0.0,629.78
2025-11-04T05:00:00Z,155663.67089210064,15568.323630715153,RISK_ON,19,0.031668204729618635,617.0
2025-11-05T05:00:00Z,158046.05517060115,15568.323630715153,RISK_ON,19,0.016971743593437737,621.01
2025-11-06T05:00:00Z,157330.0688326765,15736.745713651811,RISK_ON,18,0.02119254519158872,609.44
2025-11-07T05:00:00Z,156065.69243493522,15610.25047429389,RISK_ON,17,0.02906040335834405,607.52
2025-11-10T05:00:00Z,161883.8465227432,16193.685814775277,RISK_ON,17,0.0,620.96
2025-11-11T05:00:00Z,162396.28153072175,16240.85622988821,RISK_ON,17,0.0,619.31
2025-11-12T05:00:00Z,161533.62162495588,16240.85622988821,RISK_ON,17,0.005387281689718076,618.82
2025-11-13T05:00:00Z,156657.6606332471,82787.39336325228,RISK_OFF,9,0.03499993125295009,606.19
2025-11-14T05:00:00Z,155948.47797655987,15603.720900946217,RISK_ON,16,0.0392304026292332,606.64
2025-11-17T05:00:00Z,151784.75145502842,66213.29488757116,RISK_OFF,10,0.06510217478666509,601.46
2025-11-18T05:00:00Z,150265.35422226915,91107.93797904656,RISK_OFF,7,0.07461606914330925,594.14
2025-11-19T05:00:00Z,150756.92645072608,93918.67868883538,RISK_OFF,6,0.07172541970080683,597.69
2025-11-20T05:00:00Z,148607.82629517379,119600.9693185021,RISK_OFF,3,0.08481712915929694,583.54
2025-11-21T05:00:00Z,149276.50749546086,119600.9693185021,RISK_OFF,3,0.08085814329945348,587.92
2025-11-24T05:00:00Z,150173.64044711512,15027.810913683032,RISK_ON,22,0.07469097066279075,602.96
2025-11-25T05:00:00Z,152170.26670064474,15218.300868090235,RISK_ON,23,0.06296191206447331,606.67
2025-11-26T05:00:00Z,153021.9305745001,15303.954387706319,RISK_ON,24,0.05768795862238477,612.03
2025-11-28T05:00:00Z,154662.33605857976,15467.769578005471,RISK_ON,25,0.04760134816414542,617.0
2025-12-01T05:00:00Z,153949.1584092767,15395.734511612667,RISK_ON,25,0.05203677111064245,614.92
2025-12-02T05:00:00Z,155882.70126056453,15589.61794025411,RISK_ON,26,0.040098765755688257,619.74
2025-12-03T05:00:00Z,156040.80084624558,15606.616624724125,RISK_ON,25,0.039052103915364095,621.25
2025-12-04T05:00:00Z,155821.40267198774,15582.501587918741,RISK_ON,25,0.04053694168894208,620.67
2025-12-05T05:00:00Z,156480.9252483338,15648.53041375976,RISK_ON,26,0.036471341642590645,623.2
2025-12-08T05:00:00Z,157323.64640470035,15734.112963935462,RISK_ON,26,0.031201758009542717,622.01
2025-12-09T05:00:00Z,157745.49076466387,15775.91396910543,RISK_ON,26,0.02862794018994767,622.77
2025-12-10T05:00:00Z,159089.49927054078,15909.898046713417,RISK_ON,24,0.02037812406501846,625.33
2025-12-11T05:00:00Z,157736.52446867767,15774.068478857724,RISK_ON,24,0.028741572760889986,623.3
2025-12-12T05:00:00Z,156014.85186401042,15606.420520638463,RISK_ON,23,0.03906417865347444,611.39
2025-12-15T05:00:00Z,155659.2504407698,15566.51415128992,RISK_ON,22,0.041521337856392726,608.32
2025-12-16T05:00:00Z,154803.5859493717,15482.443023060623,RISK_ON,24,0.046697858542203395,609.52
2025-12-17T05:00:00Z,151800.26532932898,71687.64257306416,RISK_OFF,16,0.06497216254598125,598.22
2025-12-18T05:00:00Z,154947.56504480494,15502.879975415228,RISK_ON,23,0.04543949186095715,606.89
2025-12-19T05:00:00Z,158391.87969483365,15839.819548264437,RISK_ON,24,0.024693075041557388,614.8
2025-12-22T05:00:00Z,159445.11109538298,15944.580378976181,RISK_ON,25,0.018242625063498007,617.75
2025-12-23T05:00:00Z,159006.07722722166,15902.5472061705,RISK_ON,27,0.02083073816607765,620.64
2025-12-24T05:00:00Z,159457.25247261717,15945.923574731238,RISK_ON,28,0.018159920325764835,622.46
2025-12-26T05:00:00Z,158948.6485346586,15895.072939761129,RISK_ON,29,0.02129095198138226,622.42
2025-12-29T05:00:00Z,158060.75790325674,15807.85175245395,RISK_ON,29,0.02666143159603843,619.41
2025-12-30T05:00:00Z,156545.8243427498,15658.202584458691,RISK_ON,29,0.035875796028367976,617.97
2025-12-31T05:00:00Z,154847.52896264687,15486.573526887829,RISK_ON,30,0.046443530582597536,612.86
2026-01-02T05:00:00Z,157025.48002062732,15703.894521364768,RISK_ON,27,0.033062401447484326,611.68
2026-01-05T05:00:00Z,160085.15911611525,16009.159742256648,RISK_ON,28,0.014266272932406435,616.53
2026-01-06T05:00:00Z,163231.13892625758,16328.075575281382,RISK_ON,30,0.0,621.95
2026-01-07T05:00:00Z,162760.1594052827,16276.768987499672,RISK_ON,31,0.003142231155481976,622.55
2026-01-08T05:00:00Z,161636.64413634856,16166.008548091575,RISK_ON,29,0.009925666159652282,619.01
2026-01-09T05:00:00Z,162028.61992044665,16209.73039164653,RISK_ON,30,0.007247956630848726,625.17
2026-01-12T05:00:00Z,162211.00365427436,16224.184581742475,RISK_ON,31,0.006362721256397772,625.69
2026-01-13T05:00:00Z,162225.31860683128,16225.236779766628,RISK_ON,31,0.006298280225407505,624.76
2026-01-14T05:00:00Z,159021.36337670707,18181.12762218083,RISK_ON,30,0.025723228365527914,618.09
2026-01-15T05:00:00Z,160467.2602513581,16047.624037862683,RISK_ON,28,0.017176031316468842,620.32
2026-01-16T05:00:00Z,159759.23266815682,15979.401496233228,RISK_ON,28,0.02135426660910408,619.8
2026-01-20T05:00:00Z,155625.80473834102,90845.09771535569,RISK_OFF,13,0.04642317058534472,606.63
2026-01-21T05:00:00Z,156306.30473177898,15706.97812042493,RISK_ON,25,0.042254752758134194,614.83
2026-01-22T05:00:00Z,157527.50804277105,15843.880258636607,RISK_ON,27,0.03506060570308263,619.3
2026-01-23T05:00:00Z,157569.39631017187,17590.843462270706,RISK_ON,28,0.03491009337619367,621.25
2026-01-26T05:00:00Z,157981.93729063187,28043.294492210764,RISK_ON,28,0.032388112878678633,623.99
2026-01-27T05:00:00Z,159776.80530878258,40836.537786339104,RISK_ON,27,0.021204876651084305,629.64
2026-01-28T05:00:00Z,159978.62321845838,37197.16446211927,RISK_ON,27,0.02012825708194409,631.73
2026-01-29T05:00:00Z,160254.02631489275,24474.33934586877,RISK_ON,27,0.018320162851578017,627.95
2026-01-30T05:00:00Z,154596.496974666,15761.784689109423,RISK_ON,27,0.052670498166904015,620.4
2026-02-02T05:00:00Z,155195.3665113256,15521.915275289392,RISK_ON,26,0.049372646291055707,624.66
2026-02-03T05:00:00Z,151552.38466041203,15163.132386935265,RISK_ON,25,0.0713460188847785,615.07
2026-02-04T05:00:00Z,146631.69258368036,14673.106043338368,RISK_ON,26,0.10135729249369915,604.32
2026-02-05T05:00:00Z,144573.48643473463,45870.345651514064,CRISIS,19,0.11437992654980204,595.62
2026-02-06T05:00:00Z,148226.6577087881,15096.179464593268,RISK_ON,27,0.09189542120730854,608.21
2026-02-09T05:00:00Z,148617.47632355677,22778.692892215582,RISK_ON,27,0.08975699039397213,612.87
2026-02-10T05:00:00Z,148307.95139307767,21853.771219670303,RISK_ON,28,0.09159630196725996,610.03
2026-02-11T05:00:00Z,149033.81946239085,21407.021637436257,RISK_ON,28,0.08709247897919666,611.67
2026-02-12T05:00:00Z,146279.36884556405,60799.033826835555,CRISIS,18,0.1038821469524246,599.22
2026-02-13T05:00:00Z,146960.58267715835,71918.64681815461,CRISIS,15,0.09988343241508675,600.5
2026-02-17T05:00:00Z,146324.83497550926,71918.64681815461,CRISIS,15,0.10384518799615115,599.88
2026-02-18T05:00:00Z,146927.92386504836,16140.441232677855,RISK_ON,27,0.09962834719201161,604.36
2026-02-19T05:00:00Z,146480.55705915563,16140.441232677855,CRISIS,27,0.10289148048219211,602.05
2026-02-20T05:00:00Z,147748.09278284063,22332.99130657262,RISK_ON,27,0.09503624285035601,607.38
2026-02-23T05:00:00Z,144915.12335677966,31295.1041217652,CRISIS,24,0.11242391197603681,599.99
2026-02-24T05:00:00Z,146153.6800211521,24098.42503756855,RISK_ON,26,0.10483000457993136,606.44
2026-02-25T05:00:00Z,148350.89701361832,38935.365761592024,RISK_ON,25,0.09134577359048,615.23
2026-02-26T05:00:00Z,147991.49755867867,44938.55807238941,RISK_ON,25,0.09349215287657037,607.8
2026-02-27T05:00:00Z,147246.4769153531,39325.528949977794,RISK_ON,26,0.09812674308743603,605.86
2026-03-02T05:00:00Z,147091.61158729703,33200.81716883748,RISK_ON,26,0.09897020987728326,606.66
2026-03-03T05:00:00Z,144691.49156237856,67649.63652851334,CRISIS,21,0.11363727955707487,600.16
2026-03-04T05:00:00Z,146455.45551757797,81770.68661755283,CRISIS,21,0.1029586430590237,609.31
2026-03-05T05:00:00Z,146958.35333556085,99737.22270862962,CRISIS,20,0.09985511042908267,607.48
2026-03-06T05:00:00Z,146683.2032381165,102704.06023909523,CRISIS,19,0.10163220173038422,598.34
2026-03-09T04:00:00Z,146953.08323986063,102704.06023909523,CRISIS,19,0.09999753147683388,606.33
2026-03-10T04:00:00Z,146557.5889205336,104238.10087693138,CRISIS,19,0.1024103004605187,606.34
2026-03-11T04:00:00Z,146415.84177229393,104238.10087693138,RISK_OFF,19,0.10328782410862454,606.26
2026-03-12T04:00:00Z,146009.87443201515,107272.53784974346,RISK_OFF,17,0.10575553601976687,595.85
2026-03-13T04:00:00Z,145760.72287872148,111521.12114615856,RISK_OFF,15,0.10727400150251908,592.32
2026-03-16T04:00:00Z,145934.36571681598,111521.12114615856,RISK_OFF,15,0.1062365859100878,598.97
2026-03-17T04:00:00Z,146233.26068134478,111521.12114615856,RISK_OFF,15,0.10440602747623733,601.89
2026-03-18T04:00:00Z,145850.34528577793,111521.12114615856,RISK_OFF,15,0.10675116235634854,593.5
2026-03-19T04:00:00Z,145593.20246094122,122753.25516035447,RISK_OFF,13,0.10825715396149156,591.62
2026-03-20T04:00:00Z,144978.95392086383,129883.4394372015,RISK_OFF,9,0.11204421749521655,580.69
2026-03-23T04:00:00Z,145235.31236874135,131007.37292561994,RISK_OFF,8,0.11051099220071173,587.35
2026-03-24T04:00:00Z,144714.80347674564,138030.50493418038,RISK_OFF,4,0.11366264216704945,583.34
2026-03-25T04:00:00Z,144742.24960422798,138030.50493418038,RISK_OFF,4,0.11353760621154153,587.17
2026-03-26T04:00:00Z,144473.50300826892,139479.9574550538,RISK_OFF,3,0.11517463741771393,573.16
2026-03-27T04:00:00Z,144314.4381485531,141031.9370762552,RISK_OFF,2,0.11614818895018228,561.96
2026-03-30T04:00:00Z,144249.73950119253,142612.176390171,RISK_OFF,1,0.11654425742182634,557.67
2026-03-31T04:00:00Z,144281.39968256297,142612.176390171,RISK_OFF,1,0.11636004489722888,576.55
2026-04-01T04:00:00Z,144258.14357679657,142612.176390171,RISK_OFF,1,0.11650247506702553,583.67
2026-04-02T04:00:00Z,144240.97318095036,142612.176390171,RISK_OFF,1,0.11660763379052025,584.34
2026-04-06T04:00:00Z,144267.99663095307,142612.176390171,RISK_OFF,1,0.11644213082063183,587.85
2026-04-07T04:00:00Z,144233.72828818826,142612.176390171,RISK_OFF,1,0.11665200455992719,587.94
2026-04-08T04:00:00Z,144199.3064030716,16923.977690058833,RISK_ON,21,0.11609382028078646,605.42
2026-04-09T04:00:00Z,144134.88549710275,17097.057740598495,RISK_ON,21,0.11704417677604385,609.52
2026-04-10T04:00:00Z,144875.13361767834,14489.590462170207,RISK_ON,21,0.1125965582799243,610.4
2026-04-13T04:00:00Z,146004.04767725078,14601.713289040974,RISK_ON,23,0.10572968493935095,616.71
2026-04-14T04:00:00Z,148317.2290839198,31181.20131122182,RISK_ON,23,0.09148672201058403,627.91
2026-04-15T04:00:00Z,149520.24242719,21915.855642345006,RISK_ON,26,0.08411193775171515,636.7
2026-04-16T04:00:00Z,151189.53972497972,15120.560299633624,RISK_ON,28,0.0739533125064527,639.77
2026-04-17T04:00:00Z,152835.35064548216,15286.224094294601,RISK_ON,28,0.06380736518417474,648.14
2026-04-20T04:00:00Z,153391.50701901555,15339.309780730367,RISK_ON,29,0.06055617454685733,646.08
2026-04-21T04:00:00Z,152631.77256775412,17612.91935431544,RISK_ON,30,0.06509261074745822,643.62
2026-04-22T04:00:00Z,154807.17788195435,15483.362801153855,RISK_ON,31,0.05173376190188159,654.39
2026-04-23T04:00:00Z,151501.4754817639,15155.297662866182,RISK_ON,28,0.07182585032804732,650.7
2026-04-24T04:00:00Z,152988.89784134127,15299.675562388646,RISK_ON,28,0.0629835407210882,663.15
2026-04-27T04:00:00Z,152319.63557527223,15232.266202770226,RISK_ON,28,0.06711197332832503,663.5
2026-04-28T04:00:00Z,149976.22841137752,15000.20715170775,RISK_ON,28,0.08132424531301537,656.83
2026-04-29T04:00:00Z,151200.16305943354,15122.243838053708,RISK_ON,28,0.073850205535131,660.84
2026-04-30T04:00:00Z,151231.30909242912,15127.367187461925,RISK_ON,27,0.073536430076131,667.01
2026-05-01T04:00:00Z,151617.20563215067,15164.55679252305,RISK_ON,26,0.07125878229763682,673.41
2026-05-04T04:00:00Z,151936.00669241737,15193.926780572438,RISK_ON,27,0.0694600407427013,672.14
2026-05-05T04:00:00Z,152835.0085514246,15285.409035569603,RISK_ON,25,0.06385728280742681,680.86
2026-05-06T04:00:00Z,154110.21307502224,15413.811686266723,RISK_ON,25,0.05599336460683346,695.01
2026-05-07T04:00:00Z,153959.74305383363,15396.480411504897,RISK_ON,24,0.057054804742991606,694.18
2026-05-08T04:00:00Z,156172.628001764,15619.3392202337,RISK_ON,24,0.04340599428144652,710.45
2026-05-11T04:00:00Z,155120.51993763354,15514.794049372475,RISK_ON,24,0.049808780107566085,712.51
2026-05-12T04:00:00Z,153951.19028964295,15396.89711097099,RISK_ON,24,0.05702928431566564,706.46
2026-05-13T04:00:00Z,155704.65645273885,15573.195942130837,RISK_ON,24,0.04623200264294101,713.92
2026-05-14T04:00:00Z,158757.2001674623,15878.129691082995,RISK_ON,26,0.0275565777561411,719.0
2026-05-15T04:00:00Z,156139.6661666928,15613.993003950714,RISK_ON,27,0.04373341904490581,708.15
2026-05-18T04:00:00Z,155423.87829632012,15550.148725942163,RISK_ON,25,0.047643511064886304,705.1
2026-05-19T04:00:00Z,154668.2315764301,15468.988967926009,RISK_ON,25,0.05261407588386742,700.76
2026-05-20T04:00:00Z,157847.23446146317,15785.015621157672,RISK_ON,26,0.03325927489861924,712.37
2026-05-21T04:00:00Z,158256.75154646157,15827.650723705585,RISK_ON,27,0.030648121958314456,713.73
2026-05-22T04:00:00Z,160368.36463377648,16040.647051149626,RISK_ON,27,0.017603331317677846,716.75
2026-05-26T04:00:00Z,164339.24767333912,16440.833797181855,RISK_ON,28,0.0,729.48
2026-05-27T04:00:00Z,160895.32675037827,16091.933941104142,RISK_ON,27,0.021221542677325546,728.65
2026-05-28T04:00:00Z,164136.54592088508,16413.9555363025,RISK_ON,28,0.0016348477948825017,734.79
2026-05-29T04:00:00Z,167228.60897645162,16727.90621879249,RISK_ON,27,0.0,737.5
2026-06-01T04:00:00Z,170848.8063126305,17086.599758082906,RISK_ON,24,0.0,741.92
2026-06-02T04:00:00Z,173006.08175580492,17304.47327000741,RISK_ON,22,0.0,745.34
2026-06-03T04:00:00Z,168670.6445677089,16872.43415960697,RISK_ON,22,0.024966903277504202,743.39
2026-06-04T04:00:00Z,166812.57713802953,16681.27681044123,RISK_ON,23,0.036013604681415796,739.8
2026-06-05T04:00:00Z,159835.90196809763,87843.63651768761,RISK_OFF,12,0.07592023711837743,704.29
2026-06-08T04:00:00Z,160371.11628744315,16044.284391194527,RISK_ON,20,0.07282445753475136,715.28
2026-06-09T04:00:00Z,157192.24922882274,15729.189338199783,RISK_ON,19,0.09103333613383977,707.05
2026-06-10T04:00:00Z,155025.90478432103,34180.59957233266,RISK_OFF,16,0.10402141547317408,692.93
2026-06-11T04:00:00Z,160267.53231507554,16028.566621412743,RISK_ON,18,0.07373276427928621,716.33
2026-06-12T04:00:00Z,159969.25490740442,16000.396239107082,RISK_ON,18,0.07536068914392104,720.55
2026-06-15T04:00:00Z,164110.8723033696,16000.396239107082,RISK_ON,18,0.051627462201862276,743.18
2026-06-16T04:00:00Z,160288.56862676365,16030.649853697165,RISK_ON,18,0.07361237735667249,729.06
2026-06-17T04:00:00Z,160194.7392856392,16020.516752473966,RISK_ON,18,0.07419795433813228,721.72
2026-06-18T04:00:00Z,164504.34667589646,16020.516752473966,RISK_ON,18,0.04935363180906526,739.81
2026-06-22T04:00:00Z,164753.44093669244,16479.605250938926,RISK_ON,19,0.04766790680061676,737.95
2026-06-23T04:00:00Z,160966.92282595282,51589.924604115615,RISK_OFF,15,0.06959278229043761,713.65
2026-06-24T04:00:00Z,161300.30330704033,16133.572423828937,RISK_ON,19,0.0676646337573247,710.62
2026-06-25T04:00:00Z,163695.31900247998,16374.217270663721,RISK_ON,18,0.053758122817643056,716.38
2026-06-26T04:00:00Z,164335.9459098237,16435.549036205077,RISK_ON,18,0.0502138505023652,706.52
2026-06-29T04:00:00Z,170238.1469792172,16435.549036205077,RISK_ON,18,0.01621884513365265,724.08
2026-06-30T04:00:00Z,172634.50692705048,17266.09490203687,RISK_ON,19,0.0022178293075843084,736.4
2026-07-01T04:00:00Z,169522.62776395492,16956.348183634123,RISK_ON,20,0.02011763553512259,725.17
2026-07-02T04:00:00Z,166728.561162498,16679.65809914694,RISK_ON,20,0.03610714762080728,712.6
2026-07-06T04:00:00Z,168041.36047064583,16679.65809914694,RISK_ON,20,0.02891375051617543,722.82
2026-07-07T04:00:00Z,166377.14878361684,16638.181020454544,RISK_ON,20,0.038504046852884874,709.43
2026-07-08T04:00:00Z,164400.94279700203,16442.229504466464,RISK_ON,20,0.04982779608989353,711.44
2026-07-09T04:00:00Z,167878.74691136167,16442.229504466464,RISK_ON,20,0.029853470302769608,723.28
2026-07-10T04:00:00Z,165158.27986667745,16442.229504466464,RISK_ON,20,0.045574648302445626,725.51
2026-07-13T04:00:00Z,166368.06569223924,16442.229504466464,RISK_ON,20,0.03858347436328491,711.74
2026-07-14T04:00:00Z,168715.2476033268,16442.229504466464,RISK_ON,20,0.025019456120928076,719.69
2026-07-15T04:00:00Z,168768.61350589024,16442.229504466464,RISK_ON,20,0.02471106243722124,717.74
2026-07-16T04:00:00Z,166599.79138009125,16661.906033317035,RISK_ON,19,0.03713301333500206,705.94
2026-07-17T04:00:00Z,166492.48578726235,27158.08657220975,RISK_OFF,18,0.03780375237958779,695.33
2026-07-20T04:00:00Z,167347.23185648007,16735.76437667654,RISK_ON,20,0.03286484855430831,696.06
2026-07-21T04:00:00Z,163924.0392432326,16394.3195156636,RISK_ON,20,0.05259644371385227,708.97
2026-07-22T04:00:00Z,160359.39750049738,16043.786806984808,RISK_ON,19,0.07285321219269066,705.35
2026-07-23T04:00:00Z,157413.73813098005,27063.587499384113,RISK_OFF,16,0.09026546774262714,691.96
2026-07-24T04:00:00Z,158189.36995335118,15823.685361027925,RISK_ON,18,0.08557255028074251,684.23
2026-07-27T04:00:00Z,162967.090508955,16298.545515286176,RISK_ON,17,0.05813108200552593,682.12
2026-07-28T04:00:00Z,165977.87262087583,16598.190339406385,RISK_ON,17,0.04081504935635157,675.49
2026-07-29T04:00:00Z,167900.75048205632,16598.190339406385,RISK_OFF,17,0.029726314911494058,661.73
2026-07-30T04:00:00Z,166884.61618230538,16598.190339406385,RISK_ON,17,0.0355984052311233,683.55
2026-07-31T04:00:00Z,166865.50303873638,16686.718330307845,RISK_ON,17,0.03569914727021886,687.99
2026-08-03T04:00:00Z,169193.7269306089,16921.260631355333,RISK_ON,17,0.022145293455205384,700.07
2026-08-04T04:00:00Z,175079.31647710904,17510.528287916808,RISK_ON,18,0.0,723.85
2026-08-05T04:00:00Z,173348.35573026474,17339.81188079595,RISK_ON,18,0.009749357889942453,717.3
2026-08-06T04:00:00Z,172175.61419691946,17219.579580392143,RISK_ON,18,0.016615644185072335,714.65
2026-08-07T04:00:00Z,182064.9791075688,18209.13353726776,RISK_ON,19,0.0,723.03
2026-08-10T04:00:00Z,183896.1070332833,18391.64571653262,RISK_ON,18,0.0,720.87
2026-08-11T04:00:00Z,184506.04528914724,18391.64571653262,RISK_ON,18,0.0,718.45
2026-08-12T04:00:00Z,183738.89210097675,18376.40768545637,RISK_ON,19,0.0040213773669084945,723.7
2026-08-13T04:00:00Z,189171.41537189996,18924.501399977016,RISK_ON,20,0.0,732.07
2026-08-14T04:00:00Z,186849.894369469,18687.970253198757,RISK_ON,19,0.012498672582124278,731.07
2026-08-17T04:00:00Z,184905.5879008269,27982.39238815706,RISK_ON,18,0.0228810380868881,729.87
2026-08-18T04:00:00Z,183378.54170694866,40262.07449826756,RISK_ON,16,0.030934396605790608,717.51
2026-08-19T04:00:00Z,185926.9709744948,56848.04112662936,RISK_ON,14,0.017445323320813173,716.08
2026-08-20T04:00:00Z,185595.5169918391,56848.04112662936,RISK_ON,14,0.019284508113569063,710.93
2026-08-21T04:00:00Z,185969.17115867633,56848.04112662936,RISK_ON,14,0.01731006155384265,712.34
