date,equity,cash,regime,n_positions,drawdown,qqq_close,long_exposure,short_exposure,gross_exposure,net_exposure
2024-08-14T04:00:00Z,100000.0,100000.0,RISK_ON,0,0.0,457.93,0.0,0.0,0.0,0.0
2024-08-15T04:00:00Z,100000.0,100000.0,RISK_ON,0,0.0,469.5,0.0,0.0,0.0,0.0
2024-08-16T04:00:00Z,100000.0,100000.0,RISK_ON,0,0.0,470.1,0.0,0.0,0.0,0.0
2024-08-19T04:00:00Z,100000.0,100000.0,RISK_ON,0,0.0,476.28,0.0,0.0,0.0,0.0
2024-08-20T04:00:00Z,100000.0,100000.0,RISK_ON,0,0.0,475.28,0.0,0.0,0.0,0.0
2024-08-21T04:00:00Z,100000.0,100000.0,RISK_ON,0,0.0,477.49,0.0,0.0,0.0,0.0
2024-08-22T04:00:00Z,100000.0,100000.0,RISK_ON,0,0.0,469.92,0.0,0.0,0.0,0.0
2024-08-23T04:00:00Z,100000.0,100000.0,RISK_ON,0,0.0,475.02,0.0,0.0,0.0,0.0
2024-08-26T04:00:00Z,100000.0,100000.0,RISK_ON,0,0.0,470.41,0.0,0.0,0.0,0.0
2024-08-27T04:00:00Z,100000.0,100000.0,RISK_ON,0,0.0,471.81,0.0,0.0,0.0,0.0
2024-08-28T04:00:00Z,100000.0,100000.0,RISK_ON,0,0.0,466.46,0.0,0.0,0.0,0.0
2024-08-29T04:00:00Z,99980.0,79980.0,RISK_ON,5,0.0002,465.78,20000.0,0.0,20000.0,20000.0
2024-08-30T04:00:00Z,99909.29271411317,79980.0,RISK_ON,5,0.0009070728588683414,471.33,19929.292714113173,0.0,19929.292714113173,19929.292714113173
2024-09-03T04:00:00Z,98889.83654606905,79980.0,RISK_ON,5,0.011101634539309452,457.02,18909.836546069055,0.0,18909.836546069055,18909.836546069055
2024-09-04T04:00:00Z,98551.1207820218,79980.0,RISK_ON,5,0.014488792179782032,455.83,18571.1207820218,0.0,18571.1207820218,18571.1207820218
2024-09-05T04:00:00Z,98367.1509759627,79980.0,RISK_ON,5,0.016328490240373066,456.26,18387.15097596269,0.0,18387.15097596269,18387.15097596269
2024-09-06T04:00:00Z,97908.37599492392,79980.0,RISK_ON,5,0.020916240050760825,444.03,17928.37599492392,0.0,17928.37599492392,17928.37599492392
2024-09-09T04:00:00Z,97999.71413179887,79980.0,RISK_ON,5,0.020002858682011283,449.74,18019.714131798868,0.0,18019.714131798868,18019.714131798868
2024-09-10T04:00:00Z,97916.58732637033,79980.0,RISK_ON,5,0.020834126736296747,453.9,17936.587326370332,0.0,17936.587326370332,17936.587326370332
2024-09-11T04:00:00Z,98993.35224842672,79980.0,RISK_ON,5,0.010066477515732841,463.76,19013.352248426716,0.0,19013.352248426716,19013.352248426716
2024-09-12T04:00:00Z,99308.96856415272,79980.0,RISK_ON,5,0.006910314358472824,468.31,19328.96856415272,0.0,19328.96856415272,19328.96856415272
2024-09-13T04:00:00Z,99615.01493929612,79360.29650906674,RISK_ON,5,0.0038498506070388247,470.41,20254.71843022937,0.0,20254.71843022937,20254.71843022937
2024-09-16T04:00:00Z,99468.7277832557,79360.29650906674,RISK_ON,5,0.005312722167442989,468.33,20108.431274188963,0.0,20108.431274188963,20108.431274188963
2024-09-17T04:00:00Z,99730.82384690118,79360.29650906674,RISK_ON,5,0.002691761530988151,468.58,20370.52733783444,0.0,20370.52733783444,20370.52733783444
2024-09-18T04:00:00Z,99376.86388339143,79360.29650906674,RISK_ON,5,0.0062313611660856985,466.55,20016.56737432468,0.0,20016.56737432468,20016.56737432468
2024-09-19T04:00:00Z,100101.90432230882,79360.29650906674,RISK_ON,5,0.0,478.34,20741.607813242084,0.0,20741.607813242084,20741.607813242084
2024-09-20T04:00:00Z,100077.31194337945,79360.29650906674,RISK_ON,5,0.0002456734374422198,477.43,20717.015434312703,0.0,20717.015434312703,20717.015434312703
2024-09-23T04:00:00Z,100041.91522225206,79360.29650906674,RISK_ON,5,0.000599280308030957,478.7,20681.61871318532,0.0,20681.61871318532,20681.61871318532
2024-09-24T04:00:00Z,101238.02442980706,79360.29650906674,RISK_ON,5,0.0,481.01,21877.727920740326,0.0,21877.727920740326,21877.727920740326
2024-09-25T04:00:00Z,100726.08099917587,79360.29650906674,RISK_ON,5,0.005056829521462486,481.45,21365.784490109134,0.0,21365.784490109134,21365.784490109134
2024-09-26T04:00:00Z,101241.61152686042,79360.29650906674,RISK_ON,5,0.0,485.07,21881.31501779368,0.0,21881.31501779368,21881.31501779368
2024-09-27T04:00:00Z,102274.02035694863,79068.1378381924,RISK_ON,5,0.0,482.38,23205.882518756225,0.0,23205.882518756225,23205.882518756225
2024-09-30T04:00:00Z,102320.925442106,79068.1378381924,RISK_ON,5,0.0,483.68,23252.78760391361,0.0,23252.78760391361,23252.78760391361
2024-10-01T04:00:00Z,102833.16041474046,79068.1378381924,RISK_ON,5,0.0,476.94,23765.022576548057,0.0,23765.022576548057,23765.022576548057
2024-10-02T04:00:00Z,103264.02287934575,79068.1378381924,RISK_ON,5,0.0,477.62,24195.885041153353,0.0,24195.885041153353,24195.885041153353
2024-10-03T04:00:00Z,102668.56485689674,79068.1378381924,RISK_ON,5,0.005766364759435549,477.26,23600.427018704344,0.0,23600.427018704344,23600.427018704344
2024-10-04T04:00:00Z,103079.08053467532,79068.1378381924,RISK_ON,5,0.0017909659096519896,482.94,24010.94269648292,0.0,24010.94269648292,24010.94269648292
2024-10-07T04:00:00Z,103195.60689309183,79068.1378381924,RISK_ON,5,0.0006625345821928828,477.77,24127.46905489943,0.0,24127.46905489943,24127.46905489943
2024-10-08T04:00:00Z,102712.34622128066,79068.1378381924,RISK_ON,5,0.00534238975668873,484.9,23644.20838308827,0.0,23644.20838308827,23644.20838308827
2024-10-09T04:00:00Z,102964.11785665274,79068.1378381924,RISK_ON,5,0.0029042546893938348,488.72,23895.980018460345,0.0,23895.980018460345,23895.980018460345
2024-10-10T04:00:00Z,102987.170356341,79068.1378381924,RISK_ON,5,0.0026810162463671264,488.16,23919.032518148597,0.0,23919.032518148597,23919.032518148597
2024-10-11T04:00:00Z,103234.70970237096,79068.1378381924,RISK_ON,5,0.00028386630849192116,488.93,24166.571864178564,0.0,24166.571864178564,24166.571864178564
2024-10-14T04:00:00Z,102155.47441599786,79068.1378381924,RISK_ON,5,0.01073508887643401,493.03,23087.33657780545,0.0,23087.33657780545,23087.33657780545
2024-10-15T04:00:00Z,101952.79890094248,79068.1378381924,RISK_ON,5,0.012697781297318942,486.44,22884.661062750078,0.0,22884.661062750078,22884.661062750078
2024-10-16T04:00:00Z,101722.4068901614,79068.1378381924,RISK_ON,5,0.014928877901508727,486.5,22654.269051968997,0.0,22654.269051968997,22654.269051968997
2024-10-17T04:00:00Z,101012.99733209284,79068.1378381924,RISK_ON,5,0.02179873962379928,486.84,21944.85949390044,0.0,21944.85949390044,21944.85949390044
2024-10-18T04:00:00Z,101421.06484350671,79068.1378381924,RISK_ON,5,0.017847048608520315,490.03,22352.927005314312,0.0,22352.927005314312,22352.927005314312
2024-10-21T04:00:00Z,101839.70720480708,79068.1378381924,RISK_ON,5,0.013792951647863304,490.97,22771.569366614687,0.0,22771.569366614687,22771.569366614687
2024-10-22T04:00:00Z,101894.34241430016,79068.1378381924,RISK_ON,5,0.013263868933771164,491.5,22826.204576107768,0.0,22826.204576107768,22826.204576107768
2024-10-23T04:00:00Z,101722.49282909893,79068.1378381924,RISK_ON,5,0.014928045676159143,483.97,22654.354990906533,0.0,22654.354990906533,22654.354990906533
2024-10-24T04:00:00Z,101305.47927413626,79068.1378381924,RISK_ON,5,0.018966369415007792,487.9,22237.34143594386,0.0,22237.34143594386,22237.34143594386
2024-10-25T04:00:00Z,102095.29987300058,79111.40689866578,RISK_ON,5,0.01131781402425813,490.87,22983.892974334794,0.0,22983.892974334794,22983.892974334794
2024-10-28T04:00:00Z,102875.45477779559,79111.40689866578,RISK_ON,5,0.0037628603914082108,490.95,23764.04787912981,0.0,23764.04787912981,23764.04787912981
2024-10-29T04:00:00Z,102677.94340878529,79111.40689866578,RISK_ON,5,0.005675543661951291,495.66,23566.53651011951,0.0,23566.53651011951,23566.53651011951
2024-10-30T04:00:00Z,102925.06534630948,79111.40689866578,RISK_ON,5,0.003282435872484952,491.92,23813.6584476437,0.0,23813.6584476437,23813.6584476437
2024-10-31T04:00:00Z,101964.96771380467,79111.40689866578,RISK_ON,5,0.012579939550281756,479.5,22853.56081513889,0.0,22853.56081513889,22853.56081513889
2024-11-01T04:00:00Z,101920.91314270005,79111.40689866578,RISK_ON,5,0.01300656026363599,483.05,22809.506244034274,0.0,22809.506244034274,22809.506244034274
2024-11-04T05:00:00Z,101968.86682225936,79111.40689866578,RISK_ON,5,0.012542180916190552,481.64,22857.45992359357,0.0,22857.45992359357,22857.45992359357
2024-11-05T05:00:00Z,102974.52480513233,79111.40689866578,RISK_ON,5,0.002803474686935956,487.79,23863.117906466556,0.0,23863.117906466556,23863.117906466556
2024-11-06T05:00:00Z,103976.01796697133,79111.40689866578,RISK_ON,5,0.0,501.04,24864.611068305538,0.0,24864.611068305538,24864.611068305538
2024-11-07T05:00:00Z,107491.97095355559,79111.40689866578,RISK_ON,5,0.0,508.92,28380.56405488981,0.0,28380.56405488981,28380.56405488981
2024-11-08T05:00:00Z,109884.07175206055,79376.20216985258,RISK_ON,5,0.0,509.52,30507.86958220797,0.0,30507.86958220797,30507.86958220797
2024-11-11T05:00:00Z,110532.1420129209,79376.20216985258,RISK_ON,5,0.0,509.22,31155.93984306832,0.0,31155.93984306832,31155.93984306832
2024-11-12T05:00:00Z,109709.58526976121,79376.20216985258,RISK_ON,5,0.007441787774849526,508.3,30333.383099908635,0.0,30333.383099908635,30333.383099908635
2024-11-13T05:00:00Z,109466.1280331261,79376.20216985258,RISK_ON,5,0.009644380000074483,507.65,30089.92586327352,0.0,30089.92586327352,30089.92586327352
2024-11-14T05:00:00Z,109004.65054196563,79376.20216985258,RISK_ON,5,0.013819432457725366,504.12,29628.448372113053,0.0,29628.448372113053,29628.448372113053
2024-11-15T05:00:00Z,109634.19329581808,79376.20216985258,RISK_ON,5,0.008123869679444447,492.11,30257.991125965513,0.0,30257.991125965513,30257.991125965513
2024-11-18T05:00:00Z,109770.26576093645,79376.20216985258,RISK_ON,5,0.00689280274596854,495.53,30394.063591083883,0.0,30394.063591083883,30394.063591083883
2024-11-19T05:00:00Z,110899.51984458172,79376.20216985258,RISK_ON,5,0.0,498.94,31523.31767472915,0.0,31523.31767472915,31523.31767472915
2024-11-20T05:00:00Z,111255.82071303121,79376.20216985258,RISK_ON,5,0.0,498.65,31879.618543178633,0.0,31879.618543178633,31879.618543178633
2024-11-21T05:00:00Z,111076.29168092721,79376.20216985258,RISK_ON,5,0.0016136596804859657,500.44,31700.08951107464,0.0,31700.08951107464,31700.08951107464
2024-11-22T05:00:00Z,112018.79729331683,80197.76897060694,RISK_ON,5,0.0,501.24,31821.0283227099,0.0,31821.0283227099,31821.0283227099
2024-11-25T05:00:00Z,111681.30316944522,80197.76897060694,RISK_ON,5,0.0030128347386903084,502.04,31483.53419883828,0.0,31483.53419883828,31483.53419883828
2024-11-26T05:00:00Z,111950.52549624997,80197.76897060694,RISK_ON,5,0.0006094673279529416,504.73,31752.75652564304,0.0,31752.75652564304,31752.75652564304
2024-11-27T05:00:00Z,112226.27207597715,80197.76897060694,RISK_ON,5,0.0,500.76,32028.50310537021,0.0,32028.50310537021,32028.50310537021
2024-11-29T05:00:00Z,112693.870188939,80197.76897060694,RISK_ON,5,0.0,505.16,32496.10121833207,0.0,32496.10121833207,32496.10121833207
2024-12-02T05:00:00Z,112578.40320071914,80197.76897060694,RISK_ON,5,0.001024607532124655,510.66,32380.634230112206,0.0,32380.634230112206,32380.634230112206
2024-12-03T05:00:00Z,114154.12824903124,80197.76897060694,RISK_ON,5,0.0,512.22,33956.35927842431,0.0,33956.35927842431,33956.35927842431
2024-12-04T05:00:00Z,114705.24061913698,80197.76897060694,RISK_ON,5,0.0,518.56,34507.47164853004,0.0,34507.47164853004,34507.47164853004
2024-12-05T05:00:00Z,114787.55733935714,80197.76897060694,RISK_ON,5,0.0,517.12,34589.7883687502,0.0,34589.7883687502,34589.7883687502
2024-12-06T05:00:00Z,116311.97742754634,80197.76897060694,RISK_ON,5,0.0,521.75,36114.20845693941,0.0,36114.20845693941,36114.20845693941
2024-12-09T05:00:00Z,113396.90620639134,80787.87385021037,RISK_ON,5,0.02506251966157887,517.69,32609.032356180986,0.0,32609.032356180986,32609.032356180986
2024-12-10T05:00:00Z,112011.51481963861,80787.87385021037,RISK_ON,5,0.036973514706055054,515.92,31223.640969428252,0.0,31223.640969428252,31223.640969428252
2024-12-11T05:00:00Z,113300.5589053396,80787.87385021037,RISK_ON,5,0.025890872022037752,525.16,32512.685055129223,0.0,32512.685055129223,32512.685055129223
2024-12-12T05:00:00Z,113013.44058501504,80787.87385021037,RISK_ON,5,0.028359390971459047,521.77,32225.566734804666,0.0,32225.566734804666,32225.566734804666
2024-12-13T05:00:00Z,113847.37869622743,80787.87385021037,RISK_ON,5,0.021189552321506797,525.76,33059.504846017066,0.0,33059.504846017066,33059.504846017066
2024-12-16T05:00:00Z,115073.99800779812,80787.87385021037,RISK_ON,5,0.010643610805425387,533.33,34286.12415758775,0.0,34286.12415758775,34286.12415758775
2024-12-17T05:00:00Z,114432.19284780568,80787.87385021037,RISK_ON,5,0.01616157356547074,530.98,33644.31899759532,0.0,33644.31899759532,33644.31899759532
2024-12-18T05:00:00Z,111680.2315155811,80787.87385021037,RISK_ON,5,0.03982174505502221,511.83,30892.35766537073,0.0,30892.35766537073,30892.35766537073
2024-12-19T05:00:00Z,111613.80650431423,80787.87385021037,RISK_ON,5,0.04039283852910784,509.55,30825.932654103857,0.0,30825.932654103857,30825.932654103857
2024-12-20T05:00:00Z,113223.50932276099,80787.87385021037,RISK_ON,5,0.026553310958101768,514.0,32435.635472550624,0.0,32435.635472550624,32435.635472550624
2024-12-23T05:00:00Z,113338.5480164534,80391.7551066917,RISK_ON,5,0.025564258100118465,519.01,32946.79290976171,0.0,32946.79290976171,32946.79290976171
2024-12-24T05:00:00Z,114086.65277124775,80391.7551066917,RISK_ON,5,0.019132377468905115,526.04,33694.89766455606,0.0,33694.89766455606,33694.89766455606
2024-12-26T05:00:00Z,114466.99583937431,80391.7551066917,RISK_ON,5,0.015862352519295044,525.69,34075.24073268262,0.0,34075.24073268262,34075.24073268262
2024-12-27T05:00:00Z,113203.96289539227,80391.7551066917,RISK_ON,5,0.026721362673849624,518.7,32812.207788700565,0.0,32812.207788700565,32812.207788700565
2024-12-30T05:00:00Z,112702.82287743539,80391.7551066917,RISK_ON,5,0.03102994747345933,511.8,32311.06777074369,0.0,32311.06777074369,32311.06777074369
2024-12-31T05:00:00Z,111829.96119944434,80391.7551066917,RISK_ON,5,0.038534434090366686,507.45,31438.206092752655,0.0,31438.206092752655,31438.206092752655
2025-01-02T05:00:00Z,111968.61346432124,80391.7551066917,RISK_ON,5,0.03734236197583942,506.46,31576.858357629557,0.0,31576.858357629557,31576.858357629557
2025-01-03T05:00:00Z,113448.75543971342,80391.7551066917,RISK_ON,5,0.024616742412590247,514.75,33057.00033302174,0.0,33057.00033302174,33057.00033302174
2025-01-06T05:00:00Z,113644.64539313843,80391.7551066917,RISK_ON,5,0.022932565445114707,520.66,33252.890286446745,0.0,33252.890286446745,33252.890286446745
2025-01-07T05:00:00Z,111752.20663877859,80391.7551066917,RISK_ON,5,0.0392029341226543,511.37,31360.451532086892,0.0,31360.451532086892,31360.451532086892
2025-01-08T05:00:00Z,111497.86969723563,80391.7551066917,RISK_ON,5,0.04138961297695712,511.46,31106.11459054393,0.0,31106.11459054393,31106.11459054393
2025-01-10T05:00:00Z,110810.10049843049,80391.7551066917,RISK_ON,5,0.047302754632841754,503.44,30418.34539173879,0.0,30418.34539173879,30418.34539173879
2025-01-13T05:00:00Z,110544.6474698954,80391.7551066917,RISK_ON,5,0.049585004788037075,501.82,30152.892363203704,0.0,30152.892363203704,30152.892363203704
2025-01-14T05:00:00Z,111152.53888429372,80391.7551066917,RISK_ON,5,0.04435861772246596,501.35,30760.783777602035,0.0,30760.783777602035,30760.783777602035
2025-01-15T05:00:00Z,112976.79192733302,80391.7551066917,RISK_ON,5,0.02867448025540529,512.88,32585.03682064132,0.0,32585.03682064132,32585.03682064132
2025-01-16T05:00:00Z,113154.1044294475,80391.7551066917,RISK_ON,5,0.02715002416725278,509.29,32762.349322755814,0.0,32762.349322755814,32762.349322755814
2025-01-17T05:00:00Z,114162.95154510863,80391.7551066917,RISK_ON,5,0.01847639366097435,517.88,33771.19643841695,0.0,33771.19643841695,33771.19643841695
2025-01-21T05:00:00Z,114834.22738975234,80391.7551066917,RISK_ON,5,0.012705054719876369,520.92,34442.47228306064,0.0,34442.47228306064,34442.47228306064
2025-01-22T05:00:00Z,115748.09735464033,80391.7551066917,RISK_ON,5,0.004847996615458385,527.58,35356.34224794863,0.0,35356.34224794863,35356.34224794863
2025-01-23T05:00:00Z,116089.46841914415,80391.7551066917,RISK_ON,5,0.001913036071807828,528.7,35697.713312452455,0.0,35697.713312452455,35697.713312452455
2025-01-24T05:00:00Z,116091.5859460745,80015.56065984014,RISK_ON,5,0.0018948304924927615,525.72,36076.02528623436,0.0,36076.02528623436,36076.02528623436
2025-01-27T05:00:00Z,113146.982419431,80015.56065984014,RISK_ON,5,0.0272112561243909,510.41,33131.42175959087,0.0,33131.42175959087,33131.42175959087
2025-01-28T05:00:00Z,114492.81076546645,80015.56065984014,RISK_ON,5,0.015640406966798394,517.95,34477.25010562631,0.0,34477.25010562631,34477.25010562631
2025-01-29T05:00:00Z,114910.24673039834,80015.56065984014,RISK_ON,5,0.012051473357687283,516.98,34894.68607055821,0.0,34894.68607055821,34894.68607055821
2025-01-30T05:00:00Z,115510.99825747356,80015.56065984014,RISK_ON,5,0.0068864719505927945,519.18,35495.43759763343,0.0,35495.43759763343,35495.43759763343
2025-01-31T05:00:00Z,115472.57053849557,80015.56065984014,RISK_ON,5,0.007216856832940224,518.43,35457.00987865543,0.0,35457.00987865543,35457.00987865543
2025-02-03T05:00:00Z,115298.32635298166,80015.56065984014,RISK_ON,5,0.008714932864038958,514.28,35282.765693141526,0.0,35282.765693141526,35282.765693141526
2025-02-04T05:00:00Z,117197.75976619909,80015.56065984014,RISK_ON,5,0.0,520.59,37182.19910635895,0.0,37182.19910635895,37182.19910635895
2025-02-05T05:00:00Z,117116.32837291312,80015.56065984014,RISK_ON,5,0.0006948203911782575,522.96,37100.76771307298,0.0,37100.76771307298,37100.76771307298
2025-02-06T05:00:00Z,118007.78214210393,80015.56065984014,RISK_ON,5,0.0,525.69,37992.22148226379,0.0,37992.22148226379,37992.22148226379
2025-02-07T05:00:00Z,117827.52550876135,80195.15718732946,RISK_ON,5,0.001527497848620822,519.06,37632.36832143189,0.0,37632.36832143189,37632.36832143189
2025-02-10T05:00:00Z,118662.59791874589,80195.15718732946,RISK_ON,5,0.0,525.34,38467.44073141642,0.0,38467.44073141642,38467.44073141642
2025-02-11T05:00:00Z,117253.46898150159,80195.15718732946,RISK_ON,5,0.011875089219007312,524.09,37058.31179417213,0.0,37058.31179417213,37058.31179417213
2025-02-12T05:00:00Z,118289.18348404973,80195.15718732946,RISK_ON,5,0.003146858751161423,524.4,38094.02629672027,0.0,38094.02629672027,38094.02629672027
2025-02-13T05:00:00Z,122448.13404610491,80195.15718732946,RISK_ON,5,0.0,531.94,42252.97685877545,0.0,42252.97685877545,42252.97685877545
2025-02-14T05:00:00Z,124231.05304820223,80195.15718732946,RISK_ON,5,0.0,534.17,44035.89586087277,0.0,44035.89586087277,44035.89586087277
2025-02-18T05:00:00Z,123811.56168498247,80195.15718732946,RISK_ON,5,0.003376702949277844,535.38,43616.40449765302,0.0,43616.40449765302,43616.40449765302
2025-02-19T05:00:00Z,122641.58631352772,80195.15718732946,RISK_ON,5,0.0127944398415249,535.53,42446.42912619826,0.0,42446.42912619826,42446.42912619826
2025-02-20T05:00:00Z,120113.3471869819,80195.15718732946,RISK_ON,5,0.033145544211258,533.26,39918.18999965245,0.0,39918.18999965245,39918.18999965245
2025-02-21T05:00:00Z,117993.41453622478,80195.15718732946,RISK_ON,5,0.05020997857562406,522.19,37798.25734889532,0.0,37798.25734889532,37798.25734889532
2025-02-24T05:00:00Z,116723.30314775821,79732.85809275463,RISK_ON,5,0.06043376206052907,516.03,36990.445055003576,0.0,36990.445055003576,36990.445055003576
2025-02-25T05:00:00Z,114981.295245554,79732.85809275463,RISK_ON,5,0.07445608465589737,509.53,35248.43715279937,0.0,35248.43715279937,35248.43715279937
2025-02-26T05:00:00Z,114797.70368937406,79732.85809275463,RISK_ON,5,0.07593390804767619,510.76,35064.84559661944,0.0,35064.84559661944,35064.84559661944
2025-02-27T05:00:00Z,114027.87231074933,79732.85809275463,RISK_ON,5,0.08213067898163931,496.57,34295.0142179947,0.0,34295.0142179947,34295.0142179947
2025-02-28T05:00:00Z,114300.96815514748,79732.85809275463,RISK_ON,5,0.07993238928113916,504.41,34568.11006239284,0.0,34568.11006239284,34568.11006239284
2025-03-03T05:00:00Z,113569.1358217992,79732.85809275463,RISK_ON,5,0.08582328624604157,493.38,33836.27772904456,0.0,33836.27772904456,33836.27772904456
2025-03-04T05:00:00Z,113037.22058194735,79732.85809275463,RISK_OFF,5,0.09010494712551156,491.89,33304.36248919272,0.0,33304.36248919272,33304.36248919272
2025-03-05T05:00:00Z,113877.05916006686,79732.85809275463,RISK_ON,5,0.08334465203412528,498.3,34144.20106731223,0.0,34144.20106731223,34144.20106731223
2025-03-06T05:00:00Z,110535.96097732274,79261.10084723074,RISK_OFF,5,0.11023887936911979,484.59,31274.86013009199,0.0,31274.86013009199,31274.86013009199
2025-03-07T05:00:00Z,111363.11074462796,79261.10084723074,RISK_OFF,5,0.10358072307880578,488.16,32102.00989739722,0.0,32102.00989739722,32102.00989739722
2025-03-10T04:00:00Z,107927.50594022303,79261.10084723074,RISK_OFF,5,0.13123568309167719,469.24,28666.40509299228,0.0,28666.40509299228,28666.40509299228
2025-03-11T04:00:00Z,109927.75418632144,79261.10084723074,RISK_OFF,5,0.11513465040283478,468.11,30666.6533390907,0.0,30666.6533390907,30666.6533390907
2025-03-12T04:00:00Z,110767.37637079332,79261.10084723074,RISK_OFF,5,0.10837609717584004,473.4,31506.275523562574,0.0,31506.275523562574,31506.275523562574
2025-03-13T04:00:00Z,109936.00156532256,79261.10084723074,RISK_OFF,5,0.1150682629835966,464.88,30674.90071809181,0.0,30674.90071809181,30674.90071809181
2025-03-14T04:00:00Z,111288.97864751879,79261.10084723074,RISK_OFF,5,0.10417745067058119,476.12,32027.877800288043,0.0,32027.877800288043,32027.877800288043
2025-03-17T04:00:00Z,112477.88151016322,79261.10084723074,RISK_OFF,5,0.09460735661218876,479.2,33216.780662932484,0.0,33216.780662932484,33216.780662932484
2025-03-18T04:00:00Z,110438.88477362606,79261.10084723074,RISK_OFF,5,0.11102029594182655,471.03,31177.78392639532,0.0,31177.78392639532,31177.78392639532
2025-03-19T04:00:00Z,112083.36968038582,79261.10084723074,RISK_OFF,5,0.09778298637702969,477.34,32822.268833155074,0.0,32822.268833155074,32822.268833155074
2025-03-20T04:00:00Z,112075.64899826907,79261.10084723074,RISK_OFF,5,0.09784513414063074,475.72,32814.548151038325,0.0,32814.548151038325,32814.548151038325
2025-03-21T04:00:00Z,112626.78412139234,79261.10084723074,RISK_OFF,5,0.09340876247992022,477.29,33365.683274161594,0.0,33365.683274161594,33365.683274161594
2025-03-24T04:00:00Z,114462.5075683397,79261.10084723074,RISK_OFF,5,0.07863207499394123,487.76,35201.406721108964,0.0,35201.406721108964,35201.406721108964
2025-03-25T04:00:00Z,114573.58768188678,79261.10084723074,RISK_ON,5,0.07773793370783313,490.54,35312.48683465604,0.0,35312.48683465604,35312.48683465604
2025-03-26T04:00:00Z,112980.4634653125,78842.68231465963,RISK_OFF,5,0.09056181451286943,481.52,34137.78115065287,0.0,34137.78115065287,34137.78115065287
2025-03-27T04:00:00Z,110289.30657913699,78842.68231465963,RISK_OFF,5,0.11222432819317549,478.77,31446.62426447736,0.0,31446.62426447736,31446.62426447736
2025-03-28T04:00:00Z,109812.01591229427,78842.68231465963,RISK_OFF,5,0.116066287631912,466.17,30969.333597634635,0.0,30969.333597634635,30969.333597634635
2025-03-31T04:00:00Z,109603.3006656687,78842.68231465963,RISK_OFF,5,0.11774634460240699,466.15,30760.618351009078,0.0,30760.618351009078,30760.618351009078
2025-04-01T04:00:00Z,110395.41480878615,78842.68231465963,RISK_OFF,5,0.11137020817208869,469.91,31552.732494126518,0.0,31552.732494126518,31552.732494126518
2025-04-02T04:00:00Z,111087.15798141286,78842.68231465963,RISK_OFF,5,0.10580200959650139,473.34,32244.475666753242,0.0,32244.475666753242,32244.475666753242
2025-04-03T04:00:00Z,109209.7990347671,78842.68231465963,RISK_OFF,5,0.12091384275400782,448.0,30367.116720107468,0.0,30367.116720107468,30367.116720107468
2025-04-04T04:00:00Z,105636.03379231786,78842.68231465963,RISK_OFF,5,0.14968092759118298,420.17,26793.351477658234,0.0,26793.351477658234,26793.351477658234
2025-04-07T04:00:00Z,106133.98792252483,78842.68231465963,RISK_OFF,5,0.14567263724839918,421.19,27291.305607865208,0.0,27291.305607865208,27291.305607865208
2025-04-08T04:00:00Z,105680.37991922053,78842.68231465963,RISK_OFF,5,0.14932396267931455,413.6,26837.697604560908,0.0,26837.697604560908,26837.697604560908
2025-04-09T04:00:00Z,109824.5123553875,78842.68231465963,RISK_OFF,5,0.11596569729812177,463.25,30981.83004072788,0.0,30981.83004072788,30981.83004072788
2025-04-10T04:00:00Z,108994.09020817366,78842.68231465963,RISK_OFF,5,0.12265019466684034,443.54,30151.407893514024,0.0,30151.407893514024,30151.407893514024
2025-04-11T04:00:00Z,109377.25253112624,78842.68231465963,RISK_OFF,5,0.11956592295255392,451.71,30534.57021646661,0.0,30534.57021646661,30534.57021646661
2025-04-14T04:00:00Z,109587.90123677664,78842.68231465963,RISK_OFF,5,0.11787030257035636,454.78,30745.218922117016,0.0,30745.218922117016,30745.218922117016
2025-04-15T04:00:00Z,110168.47221845036,78842.68231465963,RISK_OFF,5,0.113196986459541,455.28,31325.789903790734,0.0,31325.789903790734,31325.789903790734
2025-04-16T04:00:00Z,108401.50856807204,78842.68231465963,RISK_OFF,5,0.12742019077942016,441.55,29558.826253412404,0.0,29558.826253412404,29558.826253412404
2025-04-17T04:00:00Z,108792.36555659278,78842.68231465963,RISK_OFF,5,0.12427398072218844,441.48,29949.683241933148,0.0,29949.683241933148,29949.683241933148
2025-04-21T04:00:00Z,107927.3979049834,78842.68231465963,RISK_OFF,5,0.13123655272319823,430.55,29084.71559032378,0.0,29084.71559032378,29084.71559032378
2025-04-22T04:00:00Z,109265.48408079101,78842.68231465963,RISK_OFF,5,0.12046560501748714,441.85,30422.80176613137,0.0,30422.80176613137,30422.80176613137
2025-04-23T04:00:00Z,111005.26171761415,78842.68231465963,RISK_OFF,5,0.10646123498169503,451.87,32162.57940295452,0.0,32162.57940295452,32162.57940295452
2025-04-24T04:00:00Z,112686.20741450225,78842.68231465963,RISK_OFF,5,0.09293043365913131,464.59,33843.52509984263,0.0,33843.52509984263,33843.52509984263
2025-04-25T04:00:00Z,113444.49076126306,78842.68231465963,RISK_OFF,5,0.0868266188064423,469.77,34601.80844660344,0.0,34601.80844660344,34601.80844660344
2025-04-28T04:00:00Z,113582.09318769487,78842.68231465963,RISK_OFF,5,0.08571898570621879,469.62,34739.41087303524,0.0,34739.41087303524,34739.41087303524
2025-04-29T04:00:00Z,113361.7258155842,78842.68231465963,RISK_OFF,5,0.08749283666138354,472.72,34519.04350092457,0.0,34519.04350092457,34519.04350092457
2025-04-30T04:00:00Z,113088.48010273722,78842.68231465963,RISK_OFF,5,0.08969233273054236,472.66,34245.79778807759,0.0,34245.79778807759,34245.79778807759
2025-05-01T04:00:00Z,112907.19415731131,78842.68231465963,RISK_OFF,5,0.09115159706886816,478.83,34064.51184265169,0.0,34064.51184265169,34064.51184265169
2025-05-02T04:00:00Z,115367.96296931253,78842.68231465963,RECOVERY,5,0.07134359615748229,485.94,36525.280654652895,0.0,36525.280654652895,36525.280654652895
2025-05-05T04:00:00Z,115025.88354545896,115025.88354545896,RISK_OFF,0,0.0740971703682784,483.06,0.0,0.0,0.0,0.0
2025-05-06T04:00:00Z,115025.88354545896,115025.88354545896,RISK_OFF,0,0.0740971703682784,478.56,0.0,0.0,0.0,0.0
2025-05-07T04:00:00Z,115025.88354545896,115025.88354545896,RISK_OFF,0,0.0740971703682784,480.44,0.0,0.0,0.0,0.0
2025-05-08T04:00:00Z,115025.88354545896,115025.88354545896,RECOVERY,0,0.0740971703682784,485.4,0.0,0.0,0.0,0.0
2025-05-09T04:00:00Z,115025.88354545896,115025.88354545896,RECOVERY,0,0.0740971703682784,485.09,0.0,0.0,0.0,0.0
2025-05-12T04:00:00Z,115025.88354545896,115025.88354545896,RECOVERY,0,0.0740971703682784,504.85,0.0,0.0,0.0,0.0
2025-05-13T04:00:00Z,115025.88354545896,115025.88354545896,RECOVERY,0,0.0740971703682784,512.54,0.0,0.0,0.0,0.0
2025-05-14T04:00:00Z,115025.88354545896,115025.88354545896,RECOVERY,0,0.0740971703682784,515.61,0.0,0.0,0.0,0.0
2025-05-15T04:00:00Z,115025.88354545896,115025.88354545896,RECOVERY,0,0.0740971703682784,516.18,0.0,0.0,0.0,0.0
2025-05-16T04:00:00Z,115025.88354545896,115025.88354545896,RECOVERY,0,0.0740971703682784,518.43,0.0,0.0,0.0,0.0
2025-05-19T04:00:00Z,115025.88354545896,115025.88354545896,RECOVERY,0,0.0740971703682784,518.92,0.0,0.0,0.0,0.0
2025-05-20T04:00:00Z,115025.88354545896,115025.88354545896,RECOVERY,0,0.0740971703682784,517.2,0.0,0.0,0.0,0.0
2025-05-21T04:00:00Z,115025.88354545896,115025.88354545896,RECOVERY,0,0.0740971703682784,510.01,0.0,0.0,0.0,0.0
2025-05-22T04:00:00Z,115025.88354545896,115025.88354545896,RECOVERY,0,0.0740971703682784,510.96,0.0,0.0,0.0,0.0
2025-05-23T04:00:00Z,115025.88354545896,115025.88354545896,RECOVERY,0,0.0740971703682784,506.23,0.0,0.0,0.0,0.0
2025-05-27T04:00:00Z,115025.88354545896,115025.88354545896,RISK_ON,0,0.0740971703682784,518.14,0.0,0.0,0.0,0.0
2025-05-28T04:00:00Z,115002.87836874987,91997.70165965808,RISK_ON,5,0.07428235093420475,515.84,23005.176709091793,0.0,23005.176709091793,23005.176709091793
2025-05-29T04:00:00Z,114880.87742943675,91997.70165965808,RISK_ON,5,0.07526439959530545,516.86,22883.175769778663,0.0,22883.175769778663,22883.175769778663
2025-05-30T04:00:00Z,115357.894075355,91997.70165965808,RISK_ON,5,0.07142464589271738,516.04,23360.192415696918,0.0,23360.192415696918,23360.192415696918
2025-06-02T04:00:00Z,115653.48626985644,91997.70165965808,RISK_ON,5,0.06904527143481312,520.12,23655.78461019836,0.0,23655.78461019836,23655.78461019836
2025-06-03T04:00:00Z,115889.37627484572,91997.70165965808,RISK_ON,5,0.06714647077908852,524.18,23891.674615187643,0.0,23891.674615187643,23891.674615187643
2025-06-04T04:00:00Z,116246.77029003654,91997.70165965808,RISK_ON,5,0.06426962150170094,525.64,24249.068630378468,0.0,24249.068630378468,24249.068630378468
2025-06-05T04:00:00Z,115804.19471149694,91997.70165965808,RISK_ON,5,0.06783214123956297,521.69,23806.493051838854,0.0,23806.493051838854,23806.493051838854
2025-06-06T04:00:00Z,116103.8169261968,91997.70165965808,RISK_ON,5,0.06542032706469955,526.79,24106.11526653872,0.0,24106.11526653872,24106.11526653872
2025-06-09T04:00:00Z,115781.67377137268,91997.70165965808,RISK_ON,5,0.06801342393476416,527.56,23783.9721117146,0.0,23783.9721117146,23783.9721117146
2025-06-10T04:00:00Z,115718.48208565866,91997.70165965808,RISK_ON,5,0.06852208649668817,531.05,23720.780426000576,0.0,23720.780426000576,23720.780426000576
2025-06-11T04:00:00Z,115888.06869138964,92222.33430333817,RISK_ON,5,0.06715699619462678,529.26,23665.73438805146,0.0,23665.73438805146,23665.73438805146
2025-06-12T04:00:00Z,115574.72159546998,92222.33430333817,RISK_ON,5,0.06967928903712628,530.51,23352.387292131818,0.0,23352.387292131818,23352.387292131818
2025-06-13T04:00:00Z,115383.15832735898,92222.33430333817,RISK_ON,5,0.07122128086131756,523.85,23160.824024020818,0.0,23160.824024020818,23160.824024020818
2025-06-16T04:00:00Z,116054.95695626878,92222.33430333817,RISK_ON,5,0.06581362623370086,531.13,23832.622652930608,0.0,23832.622652930608,23832.622652930608
2025-06-17T04:00:00Z,115750.63742075251,92222.33430333817,RISK_ON,5,0.06826325157333474,525.95,23528.303117414343,0.0,23528.303117414343,23528.303117414343
2025-06-18T04:00:00Z,115892.34275781579,92222.33430333817,RISK_ON,5,0.06712259202335655,525.86,23670.00845447761,0.0,23670.00845447761,23670.00845447761
2025-06-20T04:00:00Z,115455.23368025967,92222.33430333817,RISK_ON,5,0.07064110906745273,523.72,23232.899376921494,0.0,23232.899376921494,23232.899376921494
2025-06-23T04:00:00Z,115442.57123098592,92222.33430333817,RISK_ON,5,0.07074303567085062,529.1,23220.23692764776,0.0,23220.23692764776,23220.23692764776
2025-06-24T04:00:00Z,115971.4179596793,92222.33430333817,RISK_ON,5,0.06648607482477152,537.19,23749.08365634112,0.0,23749.08365634112,23749.08365634112
2025-06-25T04:00:00Z,115760.23386777975,92222.33430333817,RISK_ON,5,0.06818600480779761,538.57,23537.899564441585,0.0,23537.899564441585,23537.899564441585
2025-06-26T04:00:00Z,116059.52985183576,91081.60136730417,RISK_ON,5,0.06577681663211758,543.6,24977.92848453158,0.0,24977.92848453158,24977.92848453158
2025-06-27T04:00:00Z,115416.88088013024,91081.60136730417,RISK_ON,5,0.07094983059229203,545.46,24335.27951282606,0.0,24335.27951282606,24335.27951282606
2025-06-30T04:00:00Z,116546.56720303092,91081.60136730417,RISK_ON,5,0.061856401089908586,549.0,25464.965835726754,0.0,25464.965835726754,25464.965835726754
2025-07-01T04:00:00Z,115904.99422145763,91081.60136730417,RISK_ON,5,0.06702075384899177,544.37,24823.392854153448,0.0,24823.392854153448,24823.392854153448
2025-07-02T04:00:00Z,116395.61884613385,91081.60136730417,RISK_ON,5,0.06307146248714642,548.16,25314.017478829675,0.0,25314.017478829675,25314.017478829675
2025-07-03T04:00:00Z,116561.3548275924,91081.60136730417,RISK_ON,5,0.06173736785144978,553.55,25479.753460288222,0.0,25479.753460288222,25479.753460288222
2025-07-07T04:00:00Z,116509.74773822086,91081.60136730417,RISK_ON,5,0.062152780005700084,549.38,25428.146370916686,0.0,25428.146370916686,25428.146370916686
2025-07-08T04:00:00Z,116378.177432344,91081.60136730417,RISK_ON,5,0.06321185744768076,549.69,25296.576065039826,0.0,25296.576065039826,25296.576065039826
2025-07-09T04:00:00Z,116775.77781705925,91081.60136730417,RISK_ON,5,0.0600113663067019,553.58,25694.176449755076,0.0,25694.176449755076,25694.176449755076
2025-07-10T04:00:00Z,116615.74325675417,91081.60136730417,RISK_ON,5,0.061299567254680554,552.79,25534.14188944999,0.0,25534.14188944999,25534.14188944999
2025-07-11T04:00:00Z,116412.43792962065,91079.64556165288,RISK_ON,5,0.06293607698509908,551.54,25332.792367967755,0.0,25332.792367967755,25332.792367967755
2025-07-14T04:00:00Z,117124.70153742607,91079.64556165288,RISK_ON,5,0.057202698813306085,553.54,26045.05597577318,0.0,26045.05597577318,26045.05597577318
2025-07-15T04:00:00Z,117030.0013470011,91079.64556165288,RISK_ON,5,0.05796498962628196,554.05,25950.35578534822,0.0,25950.35578534822,25950.35578534822
2025-07-16T04:00:00Z,117505.81061156809,91079.64556165288,RISK_ON,5,0.05413495476066454,554.62,26426.1650499152,0.0,26426.1650499152,26426.1650499152
2025-07-17T04:00:00Z,118102.15674968154,91079.64556165288,RISK_ON,5,0.04933465625653715,559.11,27022.511188028653,0.0,27022.511188028653,27022.511188028653
2025-07-18T04:00:00Z,118357.32439912252,91079.64556165288,RISK_ON,5,0.04728067986995714,558.57,27277.678837469633,0.0,27277.678837469633,27277.678837469633
2025-07-21T04:00:00Z,117770.67342477199,91079.64556165288,RISK_ON,5,0.05200293698648425,561.47,26691.0278631191,0.0,26691.0278631191,26691.0278631191
2025-07-22T04:00:00Z,117425.9470352258,91079.64556165288,RISK_ON,5,0.05477781799318734,558.56,26346.30147357292,0.0,26346.30147357292,26346.30147357292
2025-07-23T04:00:00Z,117909.08672095371,91079.64556165288,RISK_ON,5,0.05088877677625068,561.11,26829.44115930083,0.0,26829.44115930083,26829.44115930083
2025-07-24T04:00:00Z,117947.7279937185,91079.64556165288,RISK_ON,5,0.05057773318596741,562.3,26868.08243206561,0.0,26868.08243206561,26868.08243206561
2025-07-25T04:00:00Z,118240.48767174347,91079.64556165288,RISK_ON,5,0.04822115911819885,563.66,27160.84211009058,0.0,27160.84211009058,27160.84211009058
2025-07-28T04:00:00Z,118374.96150416098,91079.64556165288,RISK_ON,5,0.04713870968934843,565.42,27295.3159425081,0.0,27295.3159425081,27295.3159425081
2025-07-29T04:00:00Z,118124.65133108303,91079.64556165288,RISK_ON,5,0.0491535857363286,564.54,27045.005769430147,0.0,27045.005769430147,27045.005769430147
2025-07-30T04:00:00Z,118216.86595566143,91079.64556165288,RISK_ON,5,0.04841130252842071,565.3,27137.220394008542,0.0,27137.220394008542,27137.220394008542
2025-07-31T04:00:00Z,118517.34232073945,91079.64556165288,RISK_ON,5,0.04599261285538513,562.3,27437.69675908657,0.0,27437.69675908657,27437.69675908657
2025-08-01T04:00:00Z,117668.91700159374,91079.64556165288,RISK_ON,5,0.05282202706647225,551.22,26589.271439940858,0.0,26589.271439940858,26589.271439940858
2025-08-04T04:00:00Z,118886.78860375122,91079.64556165288,RISK_ON,5,0.043018748640707476,561.4,27807.143042098345,0.0,27807.143042098345,27807.143042098345
2025-08-05T04:00:00Z,119141.463447681,91079.64556165288,RISK_ON,5,0.04096873910057289,557.58,28061.817886028115,0.0,28061.817886028115,28061.817886028115
2025-08-06T04:00:00Z,119514.24379107161,91079.64556165288,RISK_ON,5,0.03796803730948392,564.6,28434.598229418723,0.0,28434.598229418723,28434.598229418723
2025-08-07T04:00:00Z,120785.37477310032,91079.64556165288,RISK_ON,5,0.027736046588649345,566.51,29705.72921144744,0.0,29705.72921144744,29705.72921144744
2025-08-08T04:00:00Z,121576.26762673052,91079.64556165288,RISK_ON,5,0.0213697409490817,571.8,30496.622065077638,0.0,30496.622065077638,30496.622065077638
2025-08-11T04:00:00Z,121833.79527467674,91079.64556165288,RISK_ON,5,0.01929676771390919,570.1,30754.149713023857,0.0,30754.149713023857,30754.149713023857
2025-08-12T04:00:00Z,121978.51034944878,91079.64556165288,RISK_ON,5,0.018131881228435273,577.27,30898.864787795897,0.0,30898.864787795897,30898.864787795897
2025-08-13T04:00:00Z,121311.04144352075,91079.64556165288,RISK_ON,5,0.023504683676379222,577.56,30231.39588186786,0.0,30231.39588186786,30231.39588186786
2025-08-14T04:00:00Z,120861.94315515658,91079.64556165288,RISK_ON,5,0.027119708079254706,577.11,29782.2975935037,0.0,29782.2975935037,29782.2975935037
2025-08-15T04:00:00Z,121214.32043716454,91079.64556165288,RISK_ON,5,0.02428324108197958,574.57,30134.67487551165,0.0,30134.67487551165,30134.67487551165
2025-08-18T04:00:00Z,121308.77789583913,91079.64556165288,RISK_ON,5,0.023522904142406688,574.34,30229.132334186248,0.0,30229.132334186248,30229.132334186248
2025-08-19T04:00:00Z,119757.59444763623,91079.64556165288,RISK_ON,5,0.03600918201047746,566.55,28677.948885983347,0.0,28677.948885983347,28677.948885983347
2025-08-20T04:00:00Z,119391.69266993267,91079.64556165288,RISK_ON,5,0.038954514668662295,563.19,28312.04710827979,0.0,28312.04710827979,28312.04710827979
2025-08-21T04:00:00Z,120333.2110400231,91079.64556165288,RISK_ON,5,0.03137574634151049,560.58,29253.565478370212,0.0,29253.565478370212,29253.565478370212
2025-08-22T04:00:00Z,121541.72698882408,91079.64556165288,RISK_ON,5,0.021647776408485198,569.23,30462.081427171197,0.0,30462.081427171197,30462.081427171197
2025-08-25T04:00:00Z,121565.2121279388,91079.64556165288,RISK_ON,5,0.021458732376912856,567.59,30485.56656628591,0.0,30485.56656628591,30485.56656628591
2025-08-26T04:00:00Z,122191.80478591094,91079.64556165288,RISK_ON,5,0.01641496399052543,569.87,31112.15922425806,0.0,31112.15922425806,31112.15922425806
2025-08-27T04:00:00Z,120981.164851838,91079.64556165288,RISK_ON,5,0.026160030979559212,570.74,29901.519290185115,0.0,29901.519290185115,29901.519290185115
2025-08-28T04:00:00Z,121366.78563483647,91079.64556165288,RISK_ON,5,0.023055969848813945,574.31,30287.140073183586,0.0,30287.140073183586,30287.140073183586
2025-08-29T04:00:00Z,120937.94589311173,91079.64556165288,RISK_ON,5,0.026507922731788827,567.67,29858.300331458842,0.0,29858.300331458842,29858.300331458842
2025-09-02T04:00:00Z,120565.8235183232,91079.64556165288,RISK_ON,5,0.029503328193289165,562.91,29486.177956670315,0.0,29486.177956670315,29486.177956670315
2025-09-03T04:00:00Z,120317.53928235342,91079.64556165288,RISK_ON,5,0.0315018964246431,567.34,29237.893720700544,0.0,29237.893720700544,29237.893720700544
2025-09-04T04:00:00Z,120750.10969223516,91079.64556165288,RISK_ON,5,0.028019913464119556,572.47,29670.464130582266,0.0,29670.464130582266,29670.464130582266
2025-09-05T04:00:00Z,120452.79948855373,91079.64556165288,RISK_ON,5,0.030413117066491545,573.3,29373.153926900854,0.0,29373.153926900854,29373.153926900854
2025-09-08T04:00:00Z,122626.94060837507,91560.25478464019,RISK_ON,5,0.012912330697259411,576.1,31066.68582373488,0.0,31066.68582373488,31066.68582373488
2025-09-09T04:00:00Z,123093.4108138864,91560.25478464019,RISK_ON,5,0.009157470748271153,577.73,31533.15602924621,0.0,31533.15602924621,31533.15602924621
2025-09-10T04:00:00Z,123286.79531650209,91560.25478464019,RISK_ON,5,0.007600818865583994,577.92,31726.5405318619,0.0,31726.5405318619,31726.5405318619
2025-09-11T04:00:00Z,123398.21841341376,91560.25478464019,RISK_ON,5,0.006703916728978556,581.28,31837.96362877357,0.0,31837.96362877357,31837.96362877357
2025-09-12T04:00:00Z,123655.0976522059,91560.25478464019,RISK_ON,5,0.004636162874453377,583.85,32094.84286756572,0.0,32094.84286756572,32094.84286756572
2025-09-15T04:00:00Z,124114.25601031966,91560.25478464019,RISK_ON,5,0.0009401597669565958,588.84,32554.001225679476,0.0,32554.001225679476,32554.001225679476
2025-09-16T04:00:00Z,124180.0408061363,91560.25478464019,RISK_ON,5,0.00041062392062424843,588.35,32619.786021496104,0.0,32619.786021496104,32619.786021496104
2025-09-17T04:00:00Z,124050.88962640066,91560.25478464019,RISK_ON,5,0.001450228565088824,587.17,32490.634841760468,0.0,32490.634841760468,32490.634841760468
2025-09-18T04:00:00Z,125135.3013110474,91560.25478464019,RISK_ON,5,0.0,592.47,33575.04652640721,0.0,33575.04652640721,33575.04652640721
2025-09-19T04:00:00Z,126301.52804574881,91560.25478464019,RISK_ON,5,0.0,596.48,34741.273261108625,0.0,34741.273261108625,34741.273261108625
2025-09-22T04:00:00Z,126241.48199122422,91560.25478464019,RISK_ON,5,0.0004754182744553811,600.01,34681.22720658404,0.0,34681.22720658404,34681.22720658404
2025-09-23T04:00:00Z,126274.85479053087,91560.25478464019,RISK_ON,5,0.00021118711412805704,596.02,34714.60000589069,0.0,34714.60000589069,34714.60000589069
2025-09-24T04:00:00Z,125828.08020801735,91560.25478464019,RISK_ON,5,0.003748551938025441,593.93,34267.82542337716,0.0,34267.82542337716,34267.82542337716
2025-09-25T04:00:00Z,125438.41751105037,91560.25478464019,RISK_ON,5,0.006833729948111202,591.37,33878.162726410184,0.0,33878.162726410184,33878.162726410184
2025-09-26T04:00:00Z,125600.51491217045,91560.25478464019,RISK_ON,5,0.005550313954431699,593.8,34040.26012753026,0.0,34040.26012753026,34040.26012753026
2025-09-29T04:00:00Z,127159.70420316717,91560.25478464019,RISK_ON,5,0.0,596.55,35599.449418526994,0.0,35599.449418526994,35599.449418526994
2025-09-30T04:00:00Z,127484.35344776337,91560.25478464019,RISK_ON,5,0.0,598.18,35924.09866312317,0.0,35924.09866312317,35924.09866312317
2025-10-01T04:00:00Z,127032.08431795498,91560.25478464019,RISK_ON,5,0.0035476442212471035,601.05,35471.829533314805,0.0,35471.829533314805,35471.829533314805
2025-10-02T04:00:00Z,127544.43797627976,91560.25478464019,RISK_ON,5,0.0,603.53,35984.18319163957,0.0,35984.18319163957,35984.18319163957
2025-10-03T04:00:00Z,126889.04159683772,91560.25478464019,RISK_ON,5,0.005138572797380076,600.98,35328.78681219753,0.0,35328.78681219753,35328.78681219753
2025-10-06T04:00:00Z,126031.5662795892,91560.25478464019,RISK_ON,5,0.011861526231131469,605.5,34471.31149494902,0.0,34471.31149494902,34471.31149494902
2025-10-07T04:00:00Z,127021.92289283415,91560.25478464019,RISK_ON,5,0.00409672967113462,602.31,35461.66810819396,0.0,35461.66810819396,35461.66810819396
2025-10-08T04:00:00Z,127494.16946195436,91560.25478464019,RISK_ON,5,0.0003941254916561274,609.21,35933.91467731417,0.0,35933.91467731417,35933.91467731417
2025-10-09T04:00:00Z,127446.7206270416,91560.25478464019,RISK_ON,5,0.0007661435558352485,608.48,35886.46584240142,0.0,35886.46584240142,35886.46584240142
2025-10-10T04:00:00Z,125106.62092002934,91560.25478464019,RISK_ON,5,0.019113472095927852,587.35,33546.36613538915,0.0,33546.36613538915,33546.36613538915
2025-10-13T04:00:00Z,125934.56585710334,91560.25478464019,RISK_ON,5,0.012622048791150092,599.82,34374.311072463155,0.0,34374.311072463155,34374.311072463155
2025-10-14T04:00:00Z,125672.8063182863,91560.25478464019,RISK_ON,5,0.01467434948705128,595.82,34112.55153364611,0.0,34112.55153364611,34112.55153364611
2025-10-15T04:00:00Z,125787.94398859584,91560.25478464019,RISK_ON,5,0.013771623565510446,600.03,34227.689203955655,0.0,34227.689203955655,34227.689203955655
2025-10-16T04:00:00Z,125133.75438714655,91560.25478464019,RISK_ON,5,0.01890073473514812,597.81,33573.49960250636,0.0,33573.49960250636,33573.49960250636
2025-10-17T04:00:00Z,124907.7669425749,91560.25478464019,RISK_ON,5,0.020672567738274996,601.73,33347.51215793472,0.0,33347.51215793472,33347.51215793472
2025-10-20T04:00:00Z,125596.1189296977,91560.25478464019,RISK_ON,5,0.015275609642377407,609.31,34035.864145057516,0.0,34035.864145057516,34035.864145057516
2025-10-21T04:00:00Z,125170.71091765477,91560.25478464019,RISK_ON,5,0.01861098058283381,609.15,33610.45613301458,0.0,33610.45613301458,33610.45613301458
2025-10-22T04:00:00Z,124371.1856444649,91560.25478464019,RISK_ON,5,0.024879582223765878,603.29,32810.930859824715,0.0,32810.930859824715,32810.930859824715
2025-10-23T04:00:00Z,125690.2178060656,91560.25478464019,RISK_ON,5,0.014537836377929722,608.36,34129.96302142541,0.0,34129.96302142541,34129.96302142541
2025-10-24T04:00:00Z,126807.2691227489,91560.25478464019,RISK_ON,5,0.0057797020805247495,614.85,35247.014338108704,0.0,35247.014338108704,35247.014338108704
2025-10-27T04:00:00Z,128055.85330766506,91560.25478464019,RISK_ON,5,0.0,625.8,36495.59852302488,0.0,36495.59852302488,36495.59852302488
2025-10-28T04:00:00Z,128247.56540579608,91560.25478464019,RISK_ON,5,0.0,630.62,36687.310621155884,0.0,36687.310621155884,36687.310621155884
2025-10-29T04:00:00Z,128446.9159399847,91560.25478464019,RISK_ON,5,0.0,633.46,36886.66115534451,0.0,36886.66115534451,36886.66115534451
2025-10-30T04:00:00Z,127169.09651484119,91560.25478464019,RISK_ON,5,0.009948229708687993,623.77,35608.841730201006,0.0,35608.841730201006,35608.841730201006
2025-10-31T04:00:00Z,129025.39710042888,91560.25478464019,RISK_ON,5,0.0,626.78,37465.14231578868,0.0,37465.14231578868,37465.14231578868
2025-11-03T05:00:00Z,129329.13652258503,91560.25478464019,RISK_ON,5,0.0,629.78,37768.88173794484,0.0,37768.88173794484,37768.88173794484
2025-11-04T05:00:00Z,127101.94973773573,91560.25478464019,RISK_ON,5,0.017221075194145133,617.0,35541.694953095546,0.0,35541.694953095546,35541.694953095546
2025-11-05T05:00:00Z,127552.9807294267,91560.25478464019,RISK_ON,5,0.013733608998836574,621.01,35992.725944786514,0.0,35992.725944786514,35992.725944786514
2025-11-06T05:00:00Z,125340.32776517342,91560.25478464019,RISK_ON,5,0.03084230564483072,609.44,33780.07298053324,0.0,33780.07298053324,33780.07298053324
2025-11-07T05:00:00Z,126046.02300029754,91560.25478464019,RISK_ON,5,0.02538572212390941,607.52,34485.768215657365,0.0,34485.768215657365,34485.768215657365
2025-11-10T05:00:00Z,128072.2864455092,91560.25478464019,RISK_ON,5,0.00971822831938833,620.96,36512.03166086902,0.0,36512.03166086902,36512.03166086902
2025-11-11T05:00:00Z,126996.5525493654,91560.25478464019,RISK_ON,5,0.01803602835322641,619.31,35436.29776472521,0.0,35436.29776472521,35436.29776472521
2025-11-12T05:00:00Z,126772.0806555785,91560.25478464019,RISK_ON,5,0.019771692100951994,618.82,35211.8258709383,0.0,35211.8258709383,35211.8258709383
2025-11-13T05:00:00Z,124068.68756326612,91560.25478464019,RISK_ON,5,0.04067489431045774,606.19,32508.432778625942,0.0,32508.432778625942,32508.432778625942
2025-11-14T05:00:00Z,124034.5777279337,91560.25478464019,RISK_ON,5,0.04093863870904856,606.64,32474.322943293526,0.0,32474.322943293526,32474.322943293526
2025-11-17T05:00:00Z,122865.55067924163,93423.51443579211,RISK_ON,5,0.049977800959141595,601.46,29442.036243449526,0.0,29442.036243449526,29442.036243449526
2025-11-18T05:00:00Z,122217.80101762534,93423.51443579211,RISK_ON,5,0.05498633715626655,594.14,28794.286581833243,0.0,28794.286581833243,28794.286581833243
2025-11-19T05:00:00Z,122523.50655214222,93423.51443579211,RISK_ON,5,0.052622557866179885,597.69,29099.992116350113,0.0,29099.992116350113,29099.992116350113
2025-11-20T05:00:00Z,120343.33176810155,93423.51443579211,RISK_ON,5,0.06948012641307841,583.54,26919.81733230943,0.0,26919.81733230943,26919.81733230943
2025-11-21T05:00:00Z,120404.22031057808,93423.51443579211,RISK_ON,5,0.06900932343616455,587.92,26980.70587478597,0.0,26980.70587478597,26980.70587478597
2025-11-24T05:00:00Z,121977.14171978652,93423.51443579211,RISK_ON,5,0.05684716530613048,602.96,28553.627283994414,0.0,28553.627283994414,28553.627283994414
2025-11-25T05:00:00Z,122295.6538158988,93423.51443579211,RISK_ON,5,0.05438436299663968,606.67,28872.139380106688,0.0,28872.139380106688,28872.139380106688
2025-11-26T05:00:00Z,123463.15881615551,93423.51443579211,RISK_ON,5,0.04535696954417639,612.03,30039.644380363407,0.0,30039.644380363407,30039.644380363407
2025-11-28T05:00:00Z,123790.62381235207,93423.51443579211,RISK_ON,5,0.04282494153408157,617.0,30367.109376559973,0.0,30367.109376559973,30367.109376559973
2025-12-01T05:00:00Z,123439.86549536308,93423.51443579211,RISK_ON,5,0.04553707838444819,614.92,30016.351059570974,0.0,30016.351059570974,30016.351059570974
2025-12-02T05:00:00Z,123985.49686571809,93572.49531052196,RISK_ON,5,0.041318142226471705,619.74,30413.001555196126,0.0,30413.001555196126,30413.001555196126
2025-12-03T05:00:00Z,124668.73428005,93572.49531052196,RISK_ON,5,0.03603520728464131,621.25,31096.238969528047,0.0,31096.238969528047,31096.238969528047
2025-12-04T05:00:00Z,124741.82269086393,93572.49531052196,RISK_ON,5,0.035470072367799386,620.67,31169.32738034197,0.0,31169.32738034197,31169.32738034197
2025-12-05T05:00:00Z,124912.55054048555,93572.49531052196,RISK_ON,5,0.03414996883805996,623.2,31340.055229963593,0.0,31340.055229963593,31340.055229963593
2025-12-08T05:00:00Z,125694.32768381356,93572.49531052196,RISK_ON,5,0.02810510405083167,622.01,32121.832373291607,0.0,32121.832373291607,32121.832373291607
2025-12-09T05:00:00Z,125939.76897458143,93572.49531052196,RISK_ON,5,0.02620730052900114,622.77,32367.273664059467,0.0,32367.273664059467,32367.273664059467
2025-12-10T05:00:00Z,126562.56629843063,93572.49531052196,RISK_ON,5,0.021391701039241637,625.33,32990.070987908664,0.0,32990.070987908664,32990.070987908664
2025-12-11T05:00:00Z,125503.7098618381,93572.49531052196,RISK_ON,5,0.029579001017136536,623.3,31931.214551316138,0.0,31931.214551316138,31931.214551316138
2025-12-12T05:00:00Z,123849.83163808181,93572.49531052196,RISK_ON,5,0.04236713421144936,611.39,30277.336327559846,0.0,30277.336327559846,30277.336327559846
2025-12-15T05:00:00Z,123330.97683753143,93572.49531052196,RISK_ON,5,0.04637902831745984,608.32,29758.481527009462,0.0,29758.481527009462,29758.481527009462
2025-12-16T05:00:00Z,123663.06272256041,93046.46666849086,RISK_ON,5,0.04381127062605217,609.52,30616.596054069552,0.0,30616.596054069552,30616.596054069552
2025-12-17T05:00:00Z,122390.90914775398,93046.46666849086,RISK_ON,5,0.05364782879857407,598.22,29344.442479263118,0.0,29344.442479263118,29344.442479263118
2025-12-18T05:00:00Z,123802.272926066,93046.46666849086,RISK_ON,5,0.04273486814437878,606.89,30755.806257575143,0.0,30755.806257575143,30755.806257575143
2025-12-19T05:00:00Z,125089.0744476995,93046.46666849086,RISK_ON,5,0.032785048975758666,614.8,32042.607779208647,0.0,32042.607779208647,32042.607779208647
2025-12-22T05:00:00Z,125583.73951648772,93046.46666849086,RISK_ON,5,0.028960194947588173,617.75,32537.27284799687,0.0,32537.27284799687,32537.27284799687
2025-12-23T05:00:00Z,125441.47050713842,93046.46666849086,RISK_ON,5,0.030060248757384198,620.64,32395.00383864756,0.0,32395.00383864756,32395.00383864756
2025-12-24T05:00:00Z,125776.67868039166,93046.46666849086,RISK_ON,5,0.02746834887877718,622.46,32730.212011900796,0.0,32730.212011900796,32730.212011900796
2025-12-26T05:00:00Z,125407.2447347093,93046.46666849086,RISK_ON,5,0.030324889605915263,622.42,32360.778066218438,0.0,32360.778066218438,32360.778066218438
2025-12-29T05:00:00Z,125236.62917088778,93046.46666849086,RISK_ON,5,0.03164412491830535,619.41,32190.16250239693,0.0,32190.16250239693,32190.16250239693
2025-12-30T05:00:00Z,124799.13009390212,93046.46666849086,RISK_ON,5,0.035026959511879445,617.97,31752.663425411254,0.0,31752.663425411254,31752.663425411254
2025-12-31T05:00:00Z,124167.12619258599,93046.46666849086,RISK_ON,5,0.03991374618895403,612.86,31120.659524095132,0.0,31120.659524095132,31120.659524095132
2026-01-02T05:00:00Z,125271.65837628598,93046.46666849086,RISK_ON,5,0.031373271757601844,611.68,32225.191707795115,0.0,32225.191707795115,32225.191707795115
2026-01-05T05:00:00Z,126642.81755109738,93046.46666849086,RISK_ON,5,0.020771181527362414,616.53,33596.35088260652,0.0,33596.35088260652,33596.35088260652
2026-01-06T05:00:00Z,127968.95334288606,93046.46666849086,RISK_ON,5,0.010517221534696012,621.95,34922.48667439521,0.0,34922.48667439521,34922.48667439521
2026-01-07T05:00:00Z,127355.58321300056,93046.46666849086,RISK_ON,5,0.015259927984130839,622.55,34309.1165445097,0.0,34309.1165445097,34309.1165445097
2026-01-08T05:00:00Z,126594.68628163895,93046.46666849086,RISK_ON,5,0.02114334259448613,619.01,33548.21961314809,0.0,33548.21961314809,33548.21961314809
2026-01-09T05:00:00Z,127870.80356392676,93046.46666849086,RISK_ON,5,0.011276136204648653,625.17,34824.3368954359,0.0,34824.3368954359,34824.3368954359
2026-01-12T05:00:00Z,128299.39871905168,93046.46666849086,RISK_ON,5,0.007962148601784933,625.69,35252.93205056081,0.0,35252.93205056081,35252.93205056081
2026-01-13T05:00:00Z,128168.24535035496,93046.46666849086,RISK_ON,5,0.008976253947441611,624.76,35121.7786818641,0.0,35121.7786818641,35121.7786818641
2026-01-14T05:00:00Z,127791.09563923342,93046.46666849086,RISK_ON,5,0.011892454590718006,618.09,34744.62897074255,0.0,34744.62897074255,34744.62897074255
2026-01-15T05:00:00Z,127877.312469247,94153.57757614813,RISK_ON,5,0.011225807983992031,620.32,33723.734893098874,0.0,33723.734893098874,33723.734893098874
2026-01-16T05:00:00Z,128214.44789648608,94153.57757614813,RISK_ON,5,0.008619006173479674,619.8,34060.87032033794,0.0,34060.87032033794,34060.87032033794
2026-01-20T05:00:00Z,127819.75853991737,94153.57757614813,RISK_ON,5,0.01167082703288656,606.63,33666.180963769235,0.0,33666.180963769235,33666.180963769235
2026-01-21T05:00:00Z,128504.90917567212,94153.57757614813,RISK_ON,5,0.006373098661870192,614.83,34351.33159952398,0.0,34351.33159952398,34351.33159952398
2026-01-22T05:00:00Z,128496.96915643018,94153.57757614813,RISK_ON,5,0.006434492555430713,619.3,34343.39158028204,0.0,34343.39158028204,34343.39158028204
2026-01-23T05:00:00Z,128596.28650236421,94153.57757614813,RISK_ON,5,0.005666550012825951,621.25,34442.708926216066,0.0,34442.708926216066,34442.708926216066
2026-01-26T05:00:00Z,128549.35372547543,94153.57757614813,RISK_ON,5,0.006029444084113423,623.99,34395.77614932729,0.0,34395.77614932729,34395.77614932729
2026-01-27T05:00:00Z,129338.17348544851,94153.57757614813,RISK_ON,5,0.0,629.64,35184.59590930038,0.0,35184.59590930038,35184.59590930038
2026-01-28T05:00:00Z,129471.33064664435,94153.57757614813,RISK_ON,5,0.0,631.73,35317.75307049622,0.0,35317.75307049622,35317.75307049622
2026-01-29T05:00:00Z,129449.28239004238,94153.57757614813,RISK_ON,5,0.00017029450838145925,627.95,35295.70481389425,0.0,35295.70481389425,35295.70481389425
2026-01-30T05:00:00Z,128177.70489580407,96251.16421398222,RISK_ON,5,0.009991600027428977,620.4,31926.54068182185,0.0,31926.54068182185,31926.54068182185
2026-02-02T05:00:00Z,128905.23593712524,96251.16421398222,RISK_ON,5,0.004372355692119241,624.66,32654.071723143017,0.0,32654.071723143017,32654.071723143017
2026-02-03T05:00:00Z,127862.69754668353,96251.16421398222,RISK_ON,5,0.012424627845612636,615.07,31611.533332701307,0.0,31611.533332701307,31611.533332701307
2026-02-04T05:00:00Z,125740.44138793455,96251.16421398222,RISK_ON,5,0.02881633516915192,604.32,29489.277173952338,0.0,29489.277173952338,29489.277173952338
2026-02-05T05:00:00Z,126092.35107589999,96251.16421398222,RISK_ON,5,0.02609828410558575,595.62,29841.186861917773,0.0,29841.186861917773,29841.186861917773
2026-02-06T05:00:00Z,127505.34393182756,96251.16421398222,RISK_ON,5,0.015184726263317646,608.21,31254.179717845345,0.0,31254.179717845345,31254.179717845345
2026-02-09T05:00:00Z,127359.33142010124,96251.16421398222,RISK_ON,5,0.016312485675359402,612.87,31108.16720611902,0.0,31108.16720611902,31108.16720611902
2026-02-10T05:00:00Z,126913.53380454908,96251.16421398222,RISK_ON,5,0.01975570058112754,610.03,30662.369590566857,0.0,30662.369590566857,30662.369590566857
2026-02-11T05:00:00Z,128193.63663282097,96251.16421398222,RISK_ON,5,0.009868547789243658,611.67,31942.472418838755,0.0,31942.472418838755,31942.472418838755
2026-02-12T05:00:00Z,127820.69972814765,96251.16421398222,RISK_ON,5,0.012749007137353285,599.22,31569.535514165436,0.0,31569.535514165436,31569.535514165436
2026-02-13T05:00:00Z,128339.80022361418,96251.16421398222,RISK_ON,5,0.008739621485148435,600.5,32088.636009631962,0.0,32088.636009631962,32088.636009631962
2026-02-17T05:00:00Z,128137.91687050975,96251.16421398222,RISK_ON,5,0.01029891150013566,599.88,31886.752656527533,0.0,31886.752656527533,31886.752656527533
2026-02-18T05:00:00Z,128944.20967922147,96251.16421398222,RISK_ON,5,0.0040713335129110755,604.36,32693.04546523926,0.0,32693.04546523926,32693.04546523926
2026-02-19T05:00:00Z,128750.57912419582,96251.16421398222,RISK_ON,5,0.005566881245822784,602.05,32499.414910213593,0.0,32499.414910213593,32499.414910213593
2026-02-20T05:00:00Z,129596.07647276614,96251.16421398222,RISK_ON,5,0.0,607.38,33344.912258783916,0.0,33344.912258783916,33344.912258783916
2026-02-23T05:00:00Z,129246.28132121635,96251.16421398222,RISK_ON,5,0.0026991183766532185,599.99,32995.11710723412,0.0,32995.11710723412,32995.11710723412
2026-02-24T05:00:00Z,129382.54268312045,96251.16421398222,RISK_ON,5,0.0016476871480793954,606.44,33131.37846913823,0.0,33131.37846913823,33131.37846913823
2026-02-25T05:00:00Z,130234.1068132887,96251.16421398222,RISK_ON,5,0.0,615.23,33982.94259930648,0.0,33982.94259930648,33982.94259930648
2026-02-26T05:00:00Z,129131.9783346073,96251.16421398222,RISK_ON,5,0.00846267161229495,607.8,32880.81412062507,0.0,32880.81412062507,32880.81412062507
2026-02-27T05:00:00Z,128905.26513778938,96251.16421398222,RISK_ON,5,0.010203484386808357,605.86,32654.10092380716,0.0,32654.10092380716,32654.10092380716
2026-03-02T05:00:00Z,128769.32065395798,96251.16421398222,RISK_ON,5,0.011247331403214681,606.66,32518.156439975755,0.0,32518.156439975755,32518.156439975755
2026-03-03T05:00:00Z,126909.50627564636,96251.16421398222,RISK_ON,5,0.025527879132374174,600.16,30658.342061664145,0.0,30658.342061664145,30658.342061664145
2026-03-04T05:00:00Z,127765.91767018629,96251.16421398222,RISK_ON,5,0.018951941265593,609.31,31514.753456204075,0.0,31514.753456204075,31514.753456204075
2026-03-05T05:00:00Z,127024.90598893297,96251.16421398222,RISK_ON,5,0.02464178472814833,607.48,30773.741774950744,0.0,30773.741774950744,30773.741774950744
2026-03-06T05:00:00Z,125263.60241001914,96251.16421398222,RISK_ON,5,0.038165919242611056,598.34,29012.43819603692,0.0,29012.43819603692,29012.43819603692
2026-03-09T04:00:00Z,126711.99919221859,96251.16421398222,RISK_ON,5,0.027044433345863962,606.33,30460.83497823636,0.0,30460.83497823636,30460.83497823636
2026-03-10T04:00:00Z,127340.88779377141,96251.16421398222,RISK_ON,5,0.02221552472168583,606.34,31089.723579789195,0.0,31089.723579789195,31089.723579789195
2026-03-11T04:00:00Z,127936.464070049,96251.16421398222,RISK_ON,5,0.01764240412485601,606.26,31685.299856066777,0.0,31685.299856066777,31685.299856066777
2026-03-12T04:00:00Z,126843.66631510013,96251.16421398222,RISK_OFF,5,0.02603342996047349,595.85,30592.502101117912,0.0,30592.502101117912,30592.502101117912
2026-03-13T04:00:00Z,127443.23752186669,96251.16421398222,RISK_OFF,5,0.02142963436930673,592.32,31192.073307884457,0.0,31192.073307884457,31192.073307884457
2026-03-16T04:00:00Z,128204.37034548142,96251.16421398222,RISK_ON,5,0.015585291115154859,598.97,31953.2061314992,0.0,31953.2061314992,31953.2061314992
2026-03-17T04:00:00Z,129190.6774114753,96251.16421398222,RISK_ON,5,0.00801195191755196,601.89,32939.51319749308,0.0,32939.51319749308,32939.51319749308
2026-03-18T04:00:00Z,129037.98365376767,96251.16421398222,RISK_OFF,5,0.00918440790042703,593.5,32786.81943978545,0.0,32786.81943978545,32786.81943978545
2026-03-19T04:00:00Z,129215.056525646,96251.16421398222,RISK_OFF,5,0.007824757374070035,591.62,32963.892311663774,0.0,32963.892311663774,32963.892311663774
2026-03-20T04:00:00Z,128443.23651245984,96251.16421398222,RISK_OFF,5,0.013751162000875507,580.69,32192.07229847763,0.0,32192.07229847763,32192.07229847763
2026-03-23T04:00:00Z,128368.2748456004,96251.16421398222,RISK_OFF,5,0.014326753669553424,587.35,32117.110631618183,0.0,32117.110631618183,32117.110631618183
2026-03-24T04:00:00Z,128590.13092608286,96251.16421398222,RISK_OFF,5,0.012623236166258241,583.34,32338.96671210064,0.0,32338.96671210064,32338.96671210064
2026-03-25T04:00:00Z,127984.38020553318,96251.16421398222,RISK_OFF,5,0.017274481031154656,587.17,31733.215991550962,0.0,31733.215991550962,31733.215991550962
2026-03-26T04:00:00Z,125715.55995308101,96251.16421398222,RISK_OFF,5,0.034695572233514396,573.16,29464.3957390988,0.0,29464.3957390988,29464.3957390988
2026-03-27T04:00:00Z,125592.5465381961,96251.16421398222,RISK_OFF,5,0.03564012829409595,561.96,29341.382324213868,0.0,29341.382324213868,29341.382324213868
2026-03-30T04:00:00Z,124022.53321914085,96251.16421398222,RISK_OFF,5,0.04769544435124915,557.67,27771.369005158627,0.0,27771.369005158627,27771.369005158627
2026-03-31T04:00:00Z,125657.56805038695,96251.16421398222,RISK_OFF,5,0.03514086190542195,576.55,29406.40383640473,0.0,29406.40383640473,29406.40383640473
2026-04-01T04:00:00Z,127071.27380709702,96251.16421398222,RISK_OFF,5,0.024285750358207642,583.67,30820.10959311481,0.0,30820.10959311481,30820.10959311481
2026-04-02T04:00:00Z,126796.5833759125,96251.16421398222,RISK_OFF,5,0.026394955372976477,584.34,30545.419161930276,0.0,30545.419161930276,30545.419161930276
2026-04-06T04:00:00Z,127323.41334456202,96251.16421398222,RISK_OFF,5,0.022349701932533068,587.85,31072.249130579803,0.0,31072.249130579803,31072.249130579803
2026-04-07T04:00:00Z,127587.52669289778,96251.16421398222,RISK_OFF,5,0.020321712838137055,587.94,31336.36247891556,0.0,31336.36247891556,31336.36247891556
2026-04-08T04:00:00Z,130068.97954551438,96251.16421398222,RISK_ON,5,0.0012679264427333282,605.42,33817.815331532154,0.0,33817.815331532154,33817.815331532154
2026-04-09T04:00:00Z,131189.70852190297,97561.25707835432,RISK_ON,5,0.0,609.52,33628.451443548634,0.0,33628.451443548634,33628.451443548634
2026-04-10T04:00:00Z,131526.3857046047,97561.25707835432,RISK_ON,5,0.0,610.4,33965.12862625038,0.0,33965.12862625038,33965.12862625038
2026-04-13T04:00:00Z,131853.18273107434,97561.25707835432,RISK_ON,5,0.0,616.71,34291.92565272002,0.0,34291.92565272002,34291.92565272002
2026-04-14T04:00:00Z,133049.35275965068,97561.25707835432,RISK_ON,5,0.0,627.91,35488.095681296356,0.0,35488.095681296356,35488.095681296356
2026-04-15T04:00:00Z,132461.24591316006,97561.25707835432,RISK_ON,5,0.00442021576424358,636.7,34899.988834805736,0.0,34899.988834805736,34899.988834805736
2026-04-16T04:00:00Z,132526.55740461947,97561.25707835432,RISK_ON,5,0.003929334071813347,639.77,34965.30032626516,0.0,34965.30032626516,34965.30032626516
2026-04-17T04:00:00Z,133026.49015463164,97561.25707835432,RISK_ON,5,0.0001718355222692179,648.14,35465.23307627732,0.0,35465.23307627732,35465.23307627732
2026-04-20T04:00:00Z,132653.22226244787,97561.25707835432,RISK_ON,5,0.0029773199868051814,646.08,35091.96518409354,0.0,35091.96518409354,35091.96518409354
2026-04-21T04:00:00Z,132626.83801503122,97561.25707835432,RISK_ON,5,0.003175624201515055,643.62,35065.580936676895,0.0,35065.580936676895,35065.580936676895
2026-04-22T04:00:00Z,134181.72655192215,97561.25707835432,RISK_ON,5,0.0,654.39,36620.46947356785,0.0,36620.46947356785,36620.46947356785
2026-04-23T04:00:00Z,133868.7998406929,104146.2335243027,RISK_ON,4,0.0023321112290813307,650.7,29722.56631639019,0.0,29722.56631639019,29722.56631639019
2026-04-24T04:00:00Z,135340.77047333715,104146.2335243027,RISK_ON,4,0.0,663.15,31194.536949034453,0.0,31194.536949034453,31194.536949034453
2026-04-27T04:00:00Z,135236.86838861374,104146.2335243027,RISK_ON,4,0.0007677072057445932,663.5,31090.63486431104,0.0,31090.63486431104,31090.63486431104
2026-04-28T04:00:00Z,133987.87554549405,104146.2335243027,RISK_ON,4,0.00999621121640964,656.83,29841.64202119135,0.0,29841.64202119135,29841.64202119135
2026-04-29T04:00:00Z,134428.96381104487,104146.2335243027,RISK_ON,4,0.006737117419262134,660.84,30282.730286742164,0.0,30282.730286742164,30282.730286742164
2026-04-30T04:00:00Z,135163.9520907299,104146.2335243027,RISK_ON,4,0.0013064679770098046,667.01,31017.71856642721,0.0,31017.71856642721,31017.71856642721
2026-05-01T04:00:00Z,135644.0340653789,104146.2335243027,RISK_ON,4,0.0,673.41,31497.80054107617,0.0,31497.80054107617,31497.80054107617
2026-05-04T04:00:00Z,136158.9910592524,104146.2335243027,RISK_ON,4,0.0,672.14,32012.75753494971,0.0,32012.75753494971,32012.75753494971
2026-05-05T04:00:00Z,138568.74545270836,104146.2335243027,RISK_ON,4,0.0,680.86,34422.51192840565,0.0,34422.51192840565,34422.51192840565
2026-05-06T04:00:00Z,141117.2319160006,104146.2335243027,RISK_ON,4,0.0,695.01,36970.99839169788,0.0,36970.99839169788,36970.99839169788
2026-05-07T04:00:00Z,139863.60325346488,104146.2335243027,RISK_ON,4,0.008883597314904347,694.18,35717.36972916218,0.0,35717.36972916218,35717.36972916218
2026-05-08T04:00:00Z,143278.83018021483,104146.2335243027,RISK_ON,4,0.0,710.45,39132.596655912115,0.0,39132.596655912115,39132.596655912115
2026-05-11T04:00:00Z,144528.21556723508,104146.2335243027,RISK_ON,4,0.0,712.51,40381.98204293236,0.0,40381.98204293236,40381.98204293236
2026-05-12T04:00:00Z,143349.8636688575,104146.2335243027,RISK_ON,4,0.008153092416957247,706.46,39203.63014455477,0.0,39203.63014455477,39203.63014455477
2026-05-13T04:00:00Z,144364.24644139924,104146.2335243027,RISK_ON,4,0.0011345129059561183,713.92,40218.01291709654,0.0,40218.01291709654,40218.01291709654
2026-05-14T04:00:00Z,144049.58591070012,104146.2335243027,RISK_ON,4,0.003311669314233675,719.0,39903.35238639742,0.0,39903.35238639742,39903.35238639742
2026-05-15T04:00:00Z,142058.5641267636,104146.2335243027,RISK_ON,4,0.017087676830290468,708.15,37912.33060246091,0.0,37912.33060246091,37912.33060246091
2026-05-18T04:00:00Z,140527.78314573845,104146.2335243027,RISK_ON,4,0.027679248690617206,705.1,36381.54962143573,0.0,36381.54962143573,36381.54962143573
2026-05-19T04:00:00Z,140514.21105749067,104146.2335243027,RISK_ON,4,0.027773154840323055,700.76,36367.977533187965,0.0,36367.977533187965,36367.977533187965
2026-05-20T04:00:00Z,142655.2596627422,104146.2335243027,RISK_ON,4,0.012959102118171308,712.37,38509.02613843951,0.0,38509.02613843951,38509.02613843951
2026-05-21T04:00:00Z,143662.95845867228,104146.2335243027,RISK_ON,4,0.00598676947035494,713.73,39516.72493436956,0.0,39516.72493436956,39516.72493436956
2026-05-22T04:00:00Z,143888.38403785336,104146.2335243027,RISK_ON,4,0.0044270354191432056,716.75,39742.15051355065,0.0,39742.15051355065,39742.15051355065
2026-05-26T04:00:00Z,148362.14621560532,104146.2335243027,RISK_ON,4,0.0,729.48,44215.9126913026,0.0,44215.9126913026,44215.9126913026
2026-05-27T04:00:00Z,148670.47968972885,104146.2335243027,RISK_ON,4,0.0,728.65,44524.24616542614,0.0,44524.24616542614,44524.24616542614
2026-05-28T04:00:00Z,148902.6191538429,104146.2335243027,RISK_ON,4,0.0,734.79,44756.38562954019,0.0,44756.38562954019,44756.38562954019
2026-05-29T04:00:00Z,149859.12054748106,104146.2335243027,RISK_ON,4,0.0,737.5,45712.887023178366,0.0,45712.887023178366,45712.887023178366
2026-06-01T04:00:00Z,151187.40834997856,104146.2335243027,RISK_ON,4,0.0,741.92,47041.174825675866,0.0,47041.174825675866,47041.174825675866
2026-06-02T04:00:00Z,153043.52019243498,104146.2335243027,RISK_ON,4,0.0,745.34,48897.28666813228,0.0,48897.28666813228,48897.28666813228
2026-06-03T04:00:00Z,154164.6579739112,104146.2335243027,RISK_ON,4,0.0,743.39,50018.424449608516,0.0,50018.424449608516,50018.424449608516
2026-06-04T04:00:00Z,151926.0095385389,104146.2335243027,RISK_ON,4,0.014521152025330901,739.8,47779.7760142362,0.0,47779.7760142362,47779.7760142362
2026-06-05T04:00:00Z,146456.68402285266,104146.2335243027,RISK_ON,4,0.04999832031776664,704.29,42310.45049854995,0.0,42310.45049854995,42310.45049854995
2026-06-08T04:00:00Z,149913.20579787774,104146.2335243027,RISK_ON,4,0.027577346402914996,715.28,45766.972273575026,0.0,45766.972273575026,45766.972273575026
2026-06-09T04:00:00Z,149619.47402925414,104146.2335243027,RISK_ON,4,0.029482658375736374,707.05,45473.240504951435,0.0,45473.240504951435,45473.240504951435
2026-06-10T04:00:00Z,148150.42150804476,104146.2335243027,RISK_ON,4,0.039011771860734866,692.93,44004.18798374205,0.0,44004.18798374205,44004.18798374205
2026-06-11T04:00:00Z,153099.42427311887,104146.2335243027,RISK_ON,4,0.006909714034280155,716.33,48953.19074881617,0.0,48953.19074881617,48953.19074881617
2026-06-12T04:00:00Z,153536.26277776744,104146.2335243027,RISK_ON,4,0.004076130057319051,720.55,49390.02925346473,0.0,49390.02925346473,49390.02925346473
2026-06-15T04:00:00Z,157303.5200324031,104146.2335243027,RISK_ON,4,0.0,743.18,53157.286508100384,0.0,53157.286508100384,53157.286508100384
2026-06-16T04:00:00Z,154376.1861182581,104146.2335243027,RISK_ON,4,0.01860946222654127,729.06,50229.9525939554,0.0,50229.9525939554,50229.9525939554
2026-06-17T04:00:00Z,155484.9614876488,104146.2335243027,RISK_ON,4,0.01156082549443062,721.72,51338.72796334609,0.0,51338.72796334609,51338.72796334609
2026-06-18T04:00:00Z,158616.00761658177,104146.2335243027,RISK_ON,4,0.0,739.81,54469.77409227907,0.0,54469.77409227907,54469.77409227907
2026-06-22T04:00:00Z,161483.44998033915,104146.2335243027,RISK_ON,4,0.0,737.95,57337.216456036454,0.0,57337.216456036454,57337.216456036454
2026-06-23T04:00:00Z,155562.75280343814,104146.2335243027,RISK_ON,4,0.036664420890325705,713.65,51416.519279135435,0.0,51416.519279135435,51416.519279135435
2026-06-24T04:00:00Z,155661.154277401,104146.2335243027,RISK_ON,4,0.03605506139265069,710.62,51514.92075309828,0.0,51514.92075309828,51514.92075309828
2026-06-25T04:00:00Z,161427.45031411762,104146.2335243027,RISK_ON,4,0.00034678269648279864,716.38,57281.21678981493,0.0,57281.21678981493,57281.21678981493
2026-06-26T04:00:00Z,158164.0012590407,104146.2335243027,RISK_ON,4,0.020555968563358045,706.52,54017.76773473799,0.0,54017.76773473799,54017.76773473799
2026-06-29T04:00:00Z,160866.64853017573,104146.2335243027,RISK_ON,4,0.003819595446087593,724.08,56720.41500587303,0.0,56720.41500587303,56720.41500587303
2026-06-30T04:00:00Z,162891.41511577484,104146.2335243027,RISK_ON,4,0.0,736.4,58745.18159147215,0.0,58745.18159147215,58745.18159147215
2026-07-01T04:00:00Z,157200.77783084192,104146.2335243027,RISK_ON,4,0.034935157760697874,725.17,53054.54430653922,0.0,53054.54430653922,53054.54430653922
2026-07-02T04:00:00Z,153571.86770793685,104146.2335243027,RISK_ON,4,0.05721325093292447,712.6,49425.634183634145,0.0,49425.634183634145,49425.634183634145
2026-07-06T04:00:00Z,154075.05190430273,104146.2335243027,RISK_ON,4,0.0541241734882461,722.82,49928.81838000004,0.0,49928.81838000004,49928.81838000004
2026-07-07T04:00:00Z,151150.62227351754,104146.2335243027,RISK_ON,4,0.07207741938955194,709.43,47004.38874921485,0.0,47004.38874921485,47004.38874921485
2026-07-08T04:00:00Z,151878.7329914562,104146.2335243027,RISK_ON,4,0.06760750476930533,711.44,47732.49946715349,0.0,47732.49946715349,47732.49946715349
2026-07-09T04:00:00Z,154169.60892627438,104146.2335243027,RISK_ON,4,0.05354368235613555,723.28,50023.37540197167,0.0,50023.37540197167,50023.37540197167
2026-07-10T04:00:00Z,154212.23006483546,104146.2335243027,RISK_ON,4,0.05328202867395231,725.51,50065.99654053277,0.0,50065.99654053277,50065.99654053277
2026-07-13T04:00:00Z,151863.0398797528,104146.2335243027,RISK_ON,4,0.06770384570717647,711.74,47716.80635545007,0.0,47716.80635545007,47716.80635545007
2026-07-14T04:00:00Z,153890.65833454154,104146.2335243027,RISK_ON,4,0.05525617648318682,719.69,49744.42481023882,0.0,49744.42481023882,49744.42481023882
2026-07-15T04:00:00Z,151363.07961750816,104146.2335243027,RISK_ON,4,0.07077313123023046,717.74,47216.84609320545,0.0,47216.84609320545,47216.84609320545
2026-07-16T04:00:00Z,149101.83461903787,104146.2335243027,RISK_ON,4,0.08465504757838865,705.94,44955.60109473517,0.0,44955.60109473517,44955.60109473517
2026-07-17T04:00:00Z,148174.01912670908,104146.2335243027,RISK_ON,4,0.0903509615814031,695.33,44027.785602406366,0.0,44027.785602406366,44027.785602406366
2026-07-20T04:00:00Z,148346.4583669663,104146.2335243027,RISK_ON,4,0.08929234692000633,696.06,44200.2248426636,0.0,44200.2248426636,44200.2248426636
2026-07-21T04:00:00Z,152266.98272956436,104146.2335243027,RISK_ON,4,0.06522401673936701,708.97,48120.749205261665,0.0,48120.749205261665,48120.749205261665
2026-07-22T04:00:00Z,151890.91519141084,104146.2335243027,RISK_ON,4,0.0675327175256315,705.35,47744.68166710814,0.0,47744.68166710814,47744.68166710814
2026-07-23T04:00:00Z,152490.16623435533,104146.2335243027,RISK_ON,4,0.06385388004657482,691.96,48343.93271005262,0.0,48343.93271005262,48343.93271005262
2026-07-24T04:00:00Z,149880.8707272546,104146.2335243027,RISK_ON,4,0.07987249898512462,684.23,45734.63720295188,0.0,45734.63720295188,45734.63720295188
2026-07-27T04:00:00Z,148275.83426173092,104146.2335243027,RISK_ON,4,0.08972591246540472,682.12,44129.60073742822,0.0,44129.60073742822,44129.60073742822
2026-07-28T04:00:00Z,144636.91722426866,104146.2335243027,RISK_ON,4,0.11206543867601507,675.49,40490.68369996596,0.0,40490.68369996596,40490.68369996596
2026-07-29T04:00:00Z,141357.45434685875,104146.2335243027,RISK_ON,4,0.13219825460789852,661.73,37211.22082255605,0.0,37211.22082255605,37211.22082255605
2026-07-30T04:00:00Z,147569.79245568247,104146.2335243027,RISK_ON,4,0.09406034473457393,683.55,43423.55893137978,0.0,43423.55893137978,43423.55893137978
2026-07-31T04:00:00Z,146306.78052196617,104146.2335243027,RISK_ON,4,0.10181404945141627,687.99,42160.54699766346,0.0,42160.54699766346,42160.54699766346
2026-08-03T04:00:00Z,146791.36488987593,104146.2335243027,RISK_ON,4,0.09883915745010764,700.07,42645.13136557324,0.0,42645.13136557324,42645.13136557324
2026-08-04T04:00:00Z,149833.67115172377,98268.70727411208,RISK_ON,5,0.08016225996176839,723.85,51564.9638776117,0.0,51564.9638776117,51564.9638776117
2026-08-05T04:00:00Z,148729.54429894226,98268.70727411208,RISK_ON,5,0.08694055980032497,717.3,50460.83702483017,0.0,50460.83702483017,50460.83702483017
2026-08-06T04:00:00Z,148557.67606455134,98268.70727411208,RISK_ON,5,0.08799566902304713,714.65,50288.968790439256,0.0,50288.968790439256,50288.968790439256
2026-08-07T04:00:00Z,148885.35797670204,98268.70727411208,RISK_ON,5,0.08598401044719278,723.03,50616.650702589955,0.0,50616.650702589955,50616.650702589955
2026-08-10T04:00:00Z,147844.82358711984,98268.70727411208,RISK_ON,5,0.09237191240533245,720.87,49576.11631300777,0.0,49576.11631300777,49576.11631300777
2026-08-11T04:00:00Z,148259.49317345495,98268.70727411208,RISK_ON,5,0.08982623136965369,718.45,49990.78589934287,0.0,49990.78589934287,49990.78589934287
2026-08-12T04:00:00Z,150161.85624350375,98268.70727411208,RISK_ON,5,0.07814751233650699,723.7,51893.14896939165,0.0,51893.14896939165,51893.14896939165
2026-08-13T04:00:00Z,151194.35064301337,98268.70727411208,RISK_ON,5,0.07180896835138795,732.07,52925.6433689013,0.0,52925.6433689013,52925.6433689013
2026-08-14T04:00:00Z,151662.62998530103,98268.70727411208,RISK_ON,5,0.06893417386357023,731.07,53393.92271118895,0.0,53393.92271118895,53393.92271118895
2026-08-17T04:00:00Z,153224.45020126554,98268.70727411208,RISK_ON,5,0.059346067486972943,729.87,54955.74292715347,0.0,54955.74292715347,54955.74292715347
2026-08-18T04:00:00Z,150537.79031474504,104550.54554487087,RISK_ON,4,0.07583963091148468,717.51,45987.24476987419,0.0,45987.24476987419,45987.24476987419
2026-08-19T04:00:00Z,149198.07244470183,104550.54554487087,RISK_ON,4,0.08406423789332598,716.08,44647.526899830955,0.0,44647.526899830955,44647.526899830955
2026-08-20T04:00:00Z,150130.67446622765,104550.54554487087,RISK_ON,4,0.07833893910540048,710.93,45580.12892135678,0.0,45580.12892135678,45580.12892135678
2026-08-21T04:00:00Z,149556.46434462606,104550.54554487087,RISK_ON,4,0.08186404889214687,712.34,45005.91879975518,0.0,45005.91879975518,45005.91879975518
